25.800798;18.489594;-65
25.781189;18.48761;-64
25.771385;18.48662;-65
25.76158;18.485628;-65
25.751776;18.484636;-65
25.74197;18.483644;-65
25.732166;18.482653;-68
25.722361;18.481661;-68
25.712557;18.480671;-66
25.702753;18.479679;-66
25.692947;18.478687;-65
25.683144;18.477695;-65
25.673338;18.476704;-65
25.663534;18.475714;-65
25.653728;18.474722;-65
25.643925;18.47373;-65
25.634119;18.472738;-65
25.624315;18.471746;-66
25.61451;18.470755;-66
25.604706;18.469765;-65
25.594902;18.468773;-65
25.585096;18.467781;-63
25.575293;18.466789;-63
25.565487;18.465797;-65
25.555683;18.464806;-65
25.536074;18.462824;-66
25.526268;18.461832;-66
25.516464;18.46084;-65
25.50666;18.459848;-65
25.496855;18.458858;-64
25.487051;18.457867;-64
25.477245;18.456875;-65
25.467442;18.455883;-65
25.457636;18.454891;-64
25.447832;18.453899;-64
25.438026;18.452909;-64
25.428223;18.451918;-65
25.418417;18.450926;-65
25.408613;18.449934;-64
25.398809;18.448942;-64
25.389004;18.447952;-64
25.3792;18.44696;-64
25.369394;18.445969;-63
25.359591;18.444977;-63
25.349785;18.443985;-62
25.339981;18.442993;-62
25.330175;18.442003;-63
25.320372;18.441011;-63
25.310568;18.44002;-63
25.300762;18.439028;-63
25.290958;18.438036;-65
25.281153;18.437046;-65
25.271349;18.436054;-65
25.261543;18.435062;-65
25.25174;18.434071;-65
25.241934;18.433079;-65
25.23213;18.432087;-65
25.222326;18.431097;-65
25.212521;18.430105;-65
25.202717;18.429113;-65
25.192911;18.428122;-65
25.183107;18.42713;-65
25.173302;18.426138;-65
25.163498;18.425148;-63
25.153692;18.424156;-63
25.143888;18.423164;-65
25.134083;18.422173;-65
25.124279;18.421181;-65
25.114475;18.420191;-65
25.10467;18.419199;-64
25.094866;18.418207;-64
25.08506;18.417215;-63
25.075256;18.416224;-63
25.065451;18.415232;-66
25.055647;18.414242;-66
25.045841;18.41325;-64
25.036037;18.412258;-64
24.97016;18.405813;-64
24.904282;18.399368;-63
24.838402;18.392925;-63
24.772524;18.38648;-64
24.706646;18.380035;-64
24.640768;18.37359;-68
24.57489;18.367146;-68
24.509012;18.360701;-65
24.443132;18.354258;-65
24.377254;18.347813;-65
24.311377;18.341368;-65
24.245499;18.334923;-65
24.102858;18.310863;-66
23.960217;18.286804;-67
23.817575;18.262743;-67
23.674934;18.238684;-66
23.532293;18.214624;-66
23.277372;18.203167;-69
23.022453;18.19171;-69
22.894993;18.185982;-66
22.767532;18.180252;-66
22.767532;18.180252;-71
22.465065;18.163067;-69
22.313831;18.154474;-69
22.162598;18.145882;-69
22.011364;18.137289;-73
22.011364;18.137289;-73
21.841656;18.115807;-65
21.756802;18.105064;-65
21.671947;18.094324;-65
21.587093;18.083584;-70
21.502239;18.072842;-70
21.417385;18.062099;-71
21.332531;18.051359;-71
21.274364;18.044088;-70
21.216198;18.036818;-70
21.15803;18.029547;-70
21.099863;18.022276;-71
21.041697;18.015005;-71
20.98353;18.007734;-68
20.925362;18.000463;-68
20.867195;17.993193;-68
20.809029;17.985922;-68
20.750862;17.978651;-70
20.692694;17.97138;-70
20.634527;17.964109;-70
20.576361;17.956839;-70
20.516211;17.951468;-68
20.456062;17.946098;-68
20.395912;17.940727;-68
20.335762;17.935356;-68
20.275612;17.929987;-68
20.215462;17.924616;-68
20.155313;17.919247;-68
20.095163;17.913876;-69
20.095163;17.913876;-69
20.034561;17.906639;-68
20.004261;17.903021;-67
19.973959;17.899403;-67
19.943659;17.895786;-71
19.913357;17.892168;-71
19.883057;17.88855;-68
19.852755;17.884932;-68
19.822454;17.881313;-72
19.792152;17.877695;-72
19.761852;17.874077;-73
19.73155;17.870459;-73
19.70125;17.86684;-70
19.670948;17.863222;-70
19.640648;17.859606;-70
19.610346;17.855988;-71
19.580046;17.852369;-71
19.549744;17.848751;-69
19.519444;17.845133;-69
19.488832;17.845671;-75
19.45822;17.846207;-75
19.427608;17.846745;-76
19.396996;17.847281;-76
19.366385;17.847818;-72
19.335772;17.848354;-72
19.305161;17.848892;-71
19.274548;17.84943;-71
19.243937;17.849966;-69
19.213326;17.850504;-69
19.182713;17.85104;-69
19.152102;17.851578;-69
19.090878;17.852652;-71
19.060265;17.853188;-71
19.029654;17.853725;-71
19.029654;17.853725;-71
18.943726;17.848354;-71
18.857798;17.842983;-71
18.77187;17.837614;-71
18.68594;17.832243;-70
18.600012;17.826872;-70
18.514084;17.821503;-65
18.428156;17.816132;-65
18.342228;17.81076;-65
18.220497;17.79644;-65
18.098764;17.782118;-64
17.977032;17.767796;-64
17.855301;17.753475;-67
17.73357;17.739155;-67
17.611837;17.724833;-67
17.611837;17.724833;-71
17.414202;17.705498;-70
17.315384;17.695831;-70
17.216568;17.686165;-72
17.11775;17.676498;-72
17.018932;17.666832;-68
16.920115;17.657164;-68
16.821297;17.647497;-69
16.821297;17.647497;-69
16.691624;17.630312;-69
16.626787;17.621719;-69
16.561951;17.613127;-69
16.497114;17.604534;-70
16.432276;17.59594;-70
16.367439;17.587347;-66
16.302603;17.578754;-66
16.237766;17.570162;-68
16.17293;17.561569;-68
16.108093;17.552977;-68
16.108093;17.552977;-67
15.914755;17.540087;-74
15.818086;17.533642;-74
15.721416;17.527199;-69
15.624746;17.520754;-69
15.528077;17.514309;-68
15.431408;17.507864;-68
15.334739;17.501419;-68
15.111325;17.492826;-69
14.999619;17.488529;-68
14.887912;17.484234;-67
14.776205;17.479939;-67
14.664498;17.475641;-67
14.649222;17.622675;-68
14.641584;17.69619;-68
14.633946;17.769707;-68
14.626307;17.843224;-72
14.61867;17.91674;-72
14.611032;17.990255;-79
14.603394;18.063772;-79
14.595756;18.137289;-79
14.584298;18.305326;-70
14.57857;18.389345;-69
14.572842;18.473364;-69
14.567113;18.557383;-70
14.561384;18.641401;-70
14.555656;18.72542;-74
14.549928;18.809439;-74
14.544199;18.893457;-74
14.527013;19.005163;-69
14.509828;19.116871;-69
14.492641;19.228577;-73
14.475456;19.340284;-73
14.45827;19.45199;-76
14.441085;19.563698;-76
14.423899;19.675404;-75
14.423899;19.675404;-75
14.41843;19.755863;-75
14.412963;19.836325;-75
14.407495;19.916784;-78
14.402026;19.997244;-78
14.396558;20.077703;-73
14.39109;20.158165;-73
14.385622;20.238625;-73
14.380154;20.319084;-78
14.374685;20.399544;-78
14.369218;20.480005;-75
14.36375;20.560465;-75
14.36375;20.560465;-76
14.339198;20.801064;-78
14.326922;20.921364;-78
14.314648;21.041662;-79
14.302372;21.161963;-79
14.290096;21.282261;-80
14.277821;21.402561;-80
14.277821;21.402561;-84
14.271489;21.488489;-84
14.268323;21.531454;-83
14.265158;21.574417;-83
14.261992;21.617382;-82
14.258826;21.660345;-82
14.25566;21.70331;-83
14.252495;21.746275;-83
14.249329;21.789238;-84
14.246163;21.832203;-84
14.242997;21.875166;-82
14.239832;21.918131;-82
14.236666;21.961096;-79
14.2335;22.004059;-79
14.230334;22.047024;-83
14.227169;22.089987;-83
14.224003;22.132952;-80
14.220838;22.175915;-80
14.217671;22.21888;-80
14.217671;22.21888;-80
14.216035;22.281075;-81
14.215217;22.312174;-82
14.214397;22.343271;-82
14.213579;22.374369;-82
14.212761;22.405466;-80
14.211943;22.436565;-80
14.211124;22.467663;-81
14.210306;22.49876;-81
14.209488;22.529858;-84
14.208669;22.560957;-84
14.20785;22.592054;-78
14.207032;22.623152;-78
14.206214;22.654249;-79
14.205396;22.685349;-79
14.204577;22.716446;-79
14.203759;22.747543;-79
14.20294;22.778641;-79
14.202122;22.80974;-79
14.201303;22.840837;-78
14.200485;22.871935;-78
14.336061;22.88912;-78
14.403849;22.897713;-78
14.539425;22.9149;-80
14.607213;22.923492;-80
14.675;22.932085;-84
14.742788;22.940678;-84
14.810576;22.94927;-84
14.810576;22.94927;-84
14.969543;22.966455;-84
15.049027;22.975048;-85
15.128511;22.983643;-85
15.207994;22.992235;-80
15.287478;23.000828;-80
15.366961;23.00942;-80
15.446445;23.018013;-87
15.446445;23.018013;-87
15.523781;23.022787;-88
15.562449;23.025173;-86
15.601116;23.027561;-86
15.639784;23.029947;-89
15.678452;23.032333;-89
15.717119;23.034721;-88
15.755787;23.037107;-88
15.794455;23.039495;-84
15.833122;23.041882;-84
15.87179;23.044268;-89
15.910458;23.046656;-89
15.949125;23.049042;-88
15.987793;23.051428;-88
16.026461;23.053816;-88
16.065128;23.056202;-88
16.103796;23.05859;-88
16.142464;23.060976;-88
16.219799;23.069569;-87
16.258467;23.073866;-87
16.297134;23.078161;-81
16.335802;23.082458;-81
16.37447;23.086756;-81
16.413137;23.091051;-81
16.451805;23.095348;-89
16.490473;23.099644;-89
16.52914;23.103941;-90
16.567808;23.108238;-90
16.606476;23.112534;-90
16.645144;23.116831;-90
16.683811;23.121126;-90
16.722479;23.125423;-91
16.761147;23.129721;-91
16.799814;23.134016;-91
16.838482;23.138313;-91
16.87715;23.142609;-91
16.915817;23.146906;-91
16.915817;23.146906;-90
17.102711;23.164091;-90
17.196157;23.172684;-90
17.289604;23.181278;-90
17.383053;23.189871;-90
17.4765;23.198463;-90
17.569946;23.207056;-90
17.663393;23.215649;-90
17.665203;23.136051;-90
17.666107;23.096252;-90
17.667011;23.056456;-90
17.667915;23.016657;-90
17.668821;22.976858;-90
17.669725;22.937059;-100
17.67063;22.897261;-100
17.671534;22.857462;-100
17.67244;22.817665;-100
17.674248;22.738068;-100
17.675152;22.698269;-100
17.676058;22.65847;-100
17.676962;22.618671;-100
17.677866;22.578875;-100
17.67877;22.539076;-100
17.679676;22.499277;-100
17.68058;22.459478;-100
17.68058;22.459478;-92
17.69347;22.068504;-92
17.699913;21.873018;-87
17.706358;21.677532;-87
17.706358;21.677532;-90
17.799805;21.682903;-90
17.846529;21.685589;-90
17.893251;21.688274;-90
17.939976;21.690958;-90
17.986698;21.693644;-90
18.033422;21.696329;-90
18.080147;21.699015;-90
18.126869;21.7017;-90
18.173594;21.704386;-90
18.220316;21.707071;-89
18.26704;21.709755;-89
18.313763;21.71244;-90
18.360487;21.715126;-90
18.407209;21.717812;-90
18.453934;21.720497;-90
18.307856;21.718779;-90
18.234818;21.717918;-90
18.161777;21.71706;-90
18.088737;21.7162;-90
18.015699;21.71534;-90
17.942661;21.714481;-90
17.869621;21.713621;-90
17.796581;21.712763;-89
17.723543;21.711903;-89
17.570782;21.698536;-88
17.494402;21.691853;-88
17.41802;21.685169;-90
17.34164;21.678488;-90
17.265259;21.671804;-90
17.188879;21.665121;-90
17.112497;21.658438;-90
17.036118;21.651754;-90
17.036118;21.651754;-90
16.730459;21.633341;-90
16.628572;21.627203;-90
16.526686;21.621065;-88
16.424801;21.614927;-88
16.322914;21.608789;-88
16.288542;21.802742;-86
16.271357;21.899717;-85
16.254171;21.996695;-85
16.236986;22.09367;-88
16.219799;22.190647;-88
16.202614;22.287622;-88
16.180517;22.49876;-86
16.16947;22.60433;-88
16.158422;22.709898;-85
16.147375;22.815468;-85
16.136326;22.921036;-83
16.125278;23.026606;-83
16.125278;23.026606;-89
15.88468;23.026606;-88
15.76438;23.026606;-88
15.64408;23.026606;-88
15.523781;23.026606;-86
15.403481;23.026606;-86
15.403481;23.026606;-84
15.244514;23.007271;-87
15.16503;22.997604;-87
15.085546;22.987938;-88
15.006063;22.978271;-88
14.926579;22.968605;-78
14.847095;22.958937;-78
14.767612;22.94927;-78
14.661373;22.932085;-77
14.608253;22.923492;-78
14.555135;22.9149;-78
14.502015;22.906307;-79
14.448896;22.897713;-79
14.395777;22.88912;-79
14.342658;22.880527;-79
14.289538;22.871935;-82
14.23642;22.863342;-82
14.1833;22.85475;-81
14.1833;22.85475;-81
14.169933;22.97505;-84
14.16325;23.035198;-84
14.156567;23.095348;-77
14.149883;23.155499;-77
14.1432;23.215649;-80
14.136517;23.275797;-80
14.129833;23.335947;-86
14.12315;23.396097;-86
13.961605;23.38063;-81
13.880833;23.372896;-85
13.80006;23.365164;-85
13.719287;23.35743;-85
13.638515;23.349695;-85
13.557742;23.341963;-81
13.47697;23.334229;-81
13.396197;23.326496;-81
13.315425;23.318762;-81
13.131292;23.301577;-86
13.039227;23.292984;-86
12.947161;23.284389;-84
12.855095;23.275797;-84
12.763028;23.267204;-88
12.670962;23.258612;-88
12.670962;23.258612;-88
12.42177;23.229969;-84
12.338706;23.220421;-84
12.255643;23.210875;-89
12.172579;23.201326;-89
12.089515;23.191778;-85
12.006451;23.182232;-85
11.923387;23.172684;-85
11.734344;23.161942;-86
11.639824;23.156572;-86
11.545302;23.151201;-86
11.450781;23.14583;-85
11.35626;23.140461;-85
11.26174;23.13509;-84
11.167218;23.129719;-84
11.0684;23.120052;-88
11.018992;23.115219;-88
10.969584;23.110386;-89
10.920175;23.105551;-89
10.870766;23.100718;-88
10.821357;23.095884;-88
10.771948;23.091051;-85
10.72254;23.086218;-85
10.673131;23.081385;-88
10.623722;23.076551;-88
10.574313;23.071716;-83
10.524904;23.066883;-83
10.475496;23.06205;-80
10.426087;23.057217;-80
10.376678;23.052383;-80
10.376678;23.052383;-79
10.232319;23.03348;-78
10.160139;23.024027;-78
10.087959;23.014576;-80
10.01578;23.005123;-80
9.943601;22.99567;-80
9.871421;22.986219;-80
9.799241;22.976767;-84
9.727061;22.967316;-84
9.654881;22.957863;-85
9.654881;22.957863;-85
9.518959;22.945364;-84
9.450997;22.939116;-84
9.383036;22.932865;-84
9.315074;22.926617;-84
9.247113;22.920366;-86
9.179152;22.914118;-86
9.11119;22.907867;-84
9.043228;22.901619;-84
8.975267;22.895369;-84
8.907306;22.88912;-84
8.698623;22.864569;-87
8.594281;22.852293;-85
8.48994;22.840019;-85
8.385598;22.827744;-84
8.281257;22.815468;-84
8.176915;22.803192;-84
8.006968;22.797464;-85
7.921995;22.7946;-88
7.837021;22.791735;-88
7.752048;22.788872;-85
7.667074;22.786007;-85
7.582101;22.783142;-89
7.497127;22.780279;-89
7.412154;22.777414;-89
7.465429;22.777987;-89
7.492067;22.778275;-89
7.518705;22.778561;-90
7.545342;22.778847;-90
7.57198;22.779133;-90
7.598618;22.779419;-89
7.625256;22.779705;-89
7.651894;22.779993;-89
7.678531;22.780279;-89
7.705169;22.780565;-89
7.731807;22.780851;-89
7.758445;22.781137;-89
7.785082;22.781424;-89
7.81172;22.781712;-89
7.838358;22.781998;-89
7.891634;22.78257;-89
7.918271;22.782856;-89
7.944909;22.783142;-84
7.971547;22.78343;-84
7.998185;22.783716;-86
8.024822;22.784002;-86
8.05146;22.784288;-88
8.078097;22.784575;-88
8.104735;22.784861;-88
8.131373;22.785149;-88
8.158011;22.785435;-89
8.184649;22.785721;-89
8.211287;22.786007;-89
8.211287;22.786007;-87
8.267655;22.794256;-89
8.29584;22.79838;-89
8.324024;22.802505;-88
8.352209;22.806629;-88
8.380393;22.810755;-88
8.408578;22.814878;-88
8.436762;22.819004;-88
8.464947;22.823128;-88
8.493132;22.827251;-88
8.521316;22.831377;-88
8.5495;22.835501;-88
8.577684;22.839626;-88
8.605869;22.84375;-87
8.634053;22.847876;-87
8.662238;22.851999;-89
8.690423;22.856123;-89
8.718607;22.860249;-89
8.746792;22.864372;-89
8.774976;22.868498;-89
8.803161;22.872622;-89
8.831345;22.876747;-89
8.859529;22.880871;-88
8.887713;22.884996;-88
8.915898;22.88912;-88
9.017866;22.898285;-90
9.068851;22.902868;-90
9.119835;22.907452;-86
9.170818;22.912035;-86
9.221803;22.916616;-87
9.272787;22.9212;-87
9.323771;22.925783;-87
9.374755;22.930367;-88
9.425739;22.934948;-88
9.476723;22.939531;-88
9.527707;22.944115;-88
9.578691;22.948698;-90
9.629675;22.953279;-90
9.680659;22.957863;-90
9.743934;22.963331;-89
9.775571;22.966064;-88
9.807208;22.9688;-88
9.838845;22.971533;-88
9.870482;22.974268;-85
9.90212;22.977001;-85
9.933757;22.979736;-85
9.965394;22.98247;-87
9.997031;22.985205;-87
10.028669;22.987938;-88
10.060307;22.990671;-88
10.091944;22.993406;-88
10.123581;22.99614;-88
10.155218;22.998875;-87
10.186855;23.001608;-87
10.218493;23.004343;-86
10.25013;23.007076;-86
10.313404;23.012545;-87
10.345041;23.01528;-87
10.376678;23.018013;-87
10.376678;23.018013;-87
10.519892;23.036631;-81
10.591499;23.04594;-81
10.663106;23.055248;-85
10.734713;23.064556;-85
10.80632;23.073866;-86
10.877927;23.083176;-86
10.949533;23.092484;-88
11.02114;23.101791;-88
11.092747;23.111101;-86
11.164354;23.120411;-86
11.235961;23.129719;-86
11.247813;23.130312;-86
11.253739;23.130608;-86
11.259665;23.130905;-86
11.265592;23.131201;-86
11.271518;23.131496;-86
11.277444;23.131794;-83
11.28337;23.13209;-83
11.289296;23.132385;-89
11.295222;23.132683;-89
11.301148;23.132978;-89
11.307075;23.133276;-89
11.313001;23.133572;-89
11.318927;23.133867;-89
11.324852;23.134165;-89
11.330778;23.13446;-89
11.336704;23.134756;-89
11.34263;23.135054;-89
11.348557;23.135349;-89
11.354483;23.135647;-89
11.360409;23.135942;-89
11.366335;23.136238;-89
11.390039;23.137424;-87
11.395966;23.13772;-87
11.401892;23.138018;-88
11.407818;23.138313;-88
11.388722;23.302532;-88
11.379175;23.38464;-88
11.369627;23.466749;-82
11.36008;23.548859;-82
11.350532;23.630968;-82
11.340984;23.713076;-82
11.331436;23.795185;-84
11.321889;23.877295;-84
11.299793;24.085978;-89
11.288745;24.190319;-85
11.277698;24.294661;-85
11.266649;24.399002;-86
11.255602;24.503344;-86
11.244554;24.607685;-86
11.238488;24.693613;-86
11.235456;24.736578;-88
11.232423;24.779541;-88
11.22939;24.822506;-87
11.226357;24.865471;-87
11.223325;24.908434;-88
11.220292;24.951399;-88
11.217258;24.994362;-86
11.214226;25.037327;-86
11.20816;25.123255;-89
11.205128;25.16622;-89
11.202095;25.209183;-84
11.199062;25.252148;-84
11.19603;25.295111;-84
11.192997;25.338076;-84
11.192997;25.338076;-88
11.190654;25.390804;-86
11.189873;25.408381;-86
11.189091;25.425957;-86
11.18831;25.443533;-86
11.187529;25.461109;-86
11.186748;25.478685;-86
11.185966;25.496262;-88
11.185185;25.513838;-88
11.184404;25.531414;-89
11.183623;25.54899;-89
11.182842;25.566566;-85
11.18206;25.584143;-85
11.181279;25.601719;-86
11.180498;25.619295;-86
11.179717;25.636871;-86
11.178936;25.654448;-85
11.178155;25.672024;-85
11.177374;25.6896;-87
11.176593;25.707176;-87
11.175811;25.724752;-86
11.17503;25.742329;-86
11.174249;25.759905;-87
11.173468;25.777481;-87
11.172687;25.795057;-80
11.171906;25.812634;-80
11.171124;25.83021;-87
11.170343;25.847786;-87
11.169562;25.865362;-86
11.16878;25.882938;-86
11.167999;25.900515;-89
11.167218;25.918091;-89
11.166437;25.935667;-86
11.165656;25.953243;-86
11.164875;25.970819;-84
11.164094;25.988396;-84
11.163313;26.005972;-89
11.162532;26.023548;-89
11.16175;26.041124;-85
11.160969;26.058701;-85
11.160188;26.076277;-85
11.159407;26.093853;-84
11.158626;26.111429;-84
11.158626;26.111429;-84
11.142762;26.277998;-84
11.137474;26.333521;-90
11.132186;26.389044;-90
11.126898;26.444567;-85
11.121611;26.50009;-85
11.116323;26.555613;-87
11.111034;26.611135;-87
11.105746;26.666658;-87
11.100459;26.722181;-87
11.095171;26.777704;-87
11.089883;26.833227;-87
11.08129;26.915337;-87
11.076994;26.95639;-87
11.072698;26.997446;-89
11.0684;27.0385;-89
11.064104;27.079556;-88
11.059808;27.120609;-88
11.051215;27.202719;-88
11.046919;27.243773;-88
11.042623;27.284828;-88
11.038326;27.325882;-88
11.03403;27.366938;-88
11.029733;27.407991;-88
11.025436;27.449047;-90
11.02114;27.490101;-90
11.016844;27.531157;-90
11.012547;27.57221;-90
11.012547;27.57221;-90
10.979403;27.892599;-90
10.968356;27.999397;-90
10.957308;28.106194;-90
10.94626;28.21299;-90
10.935212;28.319786;-91
10.935212;28.319786;-91
10.92662;28.464146;-91
10.922323;28.536325;-91
10.918027;28.608505;-91
10.91373;28.680685;-91
10.909433;28.752865;-91
10.905137;28.825045;-91
10.900841;28.897224;-91
10.896544;28.969404;-91
10.892248;29.041584;-91
10.892248;29.041584;-91
10.876781;29.185944;-91
10.869047;29.258123;-100
10.861314;29.330303;-100
10.85358;29.402481;-100
10.845847;29.474661;-100
10.838114;29.546841;-100
10.830379;29.61902;-100
10.822646;29.6912;-100
10.80141;29.875088;-100
10.794659;29.930941;-100
10.787907;29.986794;-100
10.781155;30.042646;-100
10.774404;30.098501;-100
10.767653;30.154354;-100
10.7609;30.210207;-100
10.754148;30.266062;-100
10.747397;30.321915;-88
10.740646;30.377768;-88
10.733894;30.43362;-88
10.727142;30.489475;-89
10.720391;30.545328;-89
10.708934;30.707636;-84
10.703206;30.788792;-89
10.697477;30.869946;-89
10.691749;30.951099;-89
10.68602;31.032253;-89
10.680292;31.113409;-90
10.674563;31.194563;-90
10.668835;31.275717;-90
10.668835;31.275717;-90
10.652723;31.552835;-90
10.647352;31.64521;-91
10.641982;31.737583;-91
10.636612;31.829956;-92
10.631241;31.922329;-92
10.625871;32.014702;-92
10.591499;32.263893;-92
10.574314;32.388489;-92
10.557128;32.513084;-92
10.539942;32.63768;-92
10.522757;32.762276;-92
10.522757;32.762276;-92
10.512937;32.970959;-92
10.508026;33.075302;-92
10.503116;33.179642;-92
10.498205;33.283985;-92
10.493296;33.388325;-92
10.488385;33.492668;-100
10.488385;33.492668;-100
10.45831;33.86216;-100
10.448285;33.985321;-100
10.43826;34.108482;-100
10.428235;34.231647;-100
10.428235;34.231647;-100
10.418415;34.369133;-100
10.413505;34.437878;-100
10.408594;34.506618;-100
10.403684;34.575363;-100
10.398774;34.644104;-100
10.393864;34.712849;-100
10.393864;34.712849;-100
10.444057;34.59446;-100
10.469153;34.535263;-100
10.494249;34.47607;-100
10.519346;34.416874;-100
10.544443;34.357677;-100
10.569539;34.298485;-100
10.594636;34.239288;-100
10.619732;34.180092;-100
10.644829;34.120899;-100
10.669926;34.061703;-100
10.695022;34.00251;-100
10.720119;33.943314;-100
10.745214;33.884117;-100
10.770311;33.824924;-100
10.795408;33.765728;-100
10.820504;33.706532;-100
10.845601;33.647339;-100
10.870697;33.588142;-100
10.895794;33.52895;-100
10.920891;33.469753;-100
10.945987;33.410557;-100
10.971084;33.351364;-100
10.99618;33.292168;-100
11.021276;33.232975;-100
11.046373;33.173779;-100
11.071469;33.114582;-100
11.096566;33.055389;-100
11.121663;32.996193;-91
11.146759;32.936996;-91
11.171856;32.877804;-91
11.196952;32.818607;-91
11.222049;32.759415;-91
11.247146;32.700218;-91
11.272242;32.641022;-91
11.297338;32.581829;-91
11.322434;32.522633;-91
11.347531;32.463436;-91
11.372628;32.404243;-91
11.397724;32.345047;-91
11.422821;32.285854;-91
11.473014;32.167461;-91
11.498111;32.108269;-91
11.523207;32.049072;-91
11.548304;31.989878;-91
11.5734;31.930683;-91
11.598496;31.871489;-91
11.623593;31.812292;-91
11.648689;31.753098;-91
11.673786;31.693903;-85
11.698882;31.634708;-85
11.723979;31.575512;-87
11.749076;31.516317;-87
11.774172;31.457123;-88
11.799269;31.397928;-88
11.824365;31.338732;-86
11.849462;31.279537;-86
11.874558;31.220343;-88
11.924751;31.101952;-90
11.949847;31.042757;-90
11.974944;30.983562;-86
11.974944;30.983562;-86
11.881378;30.999475;-89
11.834595;31.007431;-89
11.787811;31.015387;-89
11.741028;31.023344;-89
11.694245;31.0313;-89
11.647462;31.039257;-89
11.600678;31.047213;-87
11.553896;31.055168;-87
11.507113;31.063126;-87
11.460329;31.071081;-87
11.413547;31.079037;-90
11.366763;31.086994;-90
11.31998;31.09495;-87
11.273196;31.102907;-87
11.226414;31.110863;-86
11.17963;31.118818;-86
11.132847;31.126776;-87
11.086064;31.134731;-87
11.039281;31.142687;-90
10.992497;31.150644;-90
10.945715;31.1586;-91
10.898932;31.166557;-91
10.852148;31.174513;-91
10.805365;31.182468;-91
10.758582;31.190426;-91
10.711799;31.198381;-91
10.785064;30.354475;-87
10.821696;29.932522;-87
10.858329;29.510571;-87
10.894961;29.088617;-87
10.931594;28.666664;-88
10.968226;28.244711;-88
11.004859;27.822758;-87
11.041492;27.400805;-87
11.078125;26.978853;-82
11.114758;26.5569;-82
11.15139;26.134947;-88
11.188023;25.712994;-88
11.29792;24.447136;-88
11.334553;24.025183;-89
11.371185;23.60323;-89
11.407818;23.181276;-89
11.682788;23.198462;-88
11.820273;23.207054;-88
11.957759;23.215647;-82
12.232729;23.232834;-82
12.370214;23.241426;-82
12.507699;23.250019;-84
12.645185;23.258612;-84
12.645185;23.258612;-89
12.891512;23.287254;-88
12.973621;23.296803;-87
13.05573;23.306349;-87
13.137839;23.315897;-86
13.219949;23.325445;-86
13.302057;23.334991;-87
13.384167;23.34454;-87
13.600215;23.34454;-86
13.70824;23.34454;-86
13.816263;23.34454;-88
13.924288;23.34454;-88
14.032311;23.34454;-86
14.140336;23.34454;-86
14.140336;23.34454;-80
14.126969;23.508759;-80
14.120286;23.590868;-80
14.113603;23.672977;-80
14.106919;23.755085;-81
14.100236;23.837194;-81
14.093553;23.919304;-80
14.086869;24.001413;-80
14.080186;24.083523;-80
14.065148;24.272564;-82
14.05763;24.367086;-82
14.050111;24.461607;-81
14.042592;24.556128;-81
14.035073;24.65065;-87
14.027555;24.745171;-87
14.020036;24.839691;-88
14.020036;24.839691;-88
13.992274;25.11334;-88
13.983021;25.204556;-87
13.973766;25.295773;-87
13.964513;25.386988;-83
13.955259;25.478205;-83
13.946006;25.56942;-87
13.936751;25.660637;-87
13.927498;25.751852;-84
13.918244;25.843069;-84
13.90899;25.934284;-85
13.899736;26.025501;-85
13.888689;26.185696;-85
13.885006;26.239094;-85
13.881323;26.292492;-85
13.877641;26.34589;-83
13.873959;26.39929;-83
13.870275;26.452688;-83
13.866592;26.506086;-83
13.86291;26.559484;-88
13.859228;26.612883;-88
13.855545;26.666281;-86
13.851862;26.719679;-86
13.84818;26.773077;-86
13.832713;26.926029;-86
13.824979;27.002506;-89
13.817245;27.078981;-89
13.809512;27.155457;-85
13.794045;27.308411;-85
13.786311;27.384886;-84
13.778578;27.461361;-84
13.770844;27.537838;-86
13.770844;27.537838;-86
13.7377;27.850863;-86
13.726653;27.955204;-88
13.715605;28.059546;-88
13.704557;28.163887;-86
13.693509;28.268229;-86
13.693509;28.268229;-87
13.650544;28.659203;-87
13.636223;28.789528;-87
13.621902;28.919851;-87
13.60758;29.050177;-88
13.60758;29.050177;-88
13.604358;29.141476;-86
13.602747;29.187124;-86
13.601135;29.232773;-87
13.599524;29.278423;-87
13.597914;29.324072;-87
13.596302;29.369722;-87
13.594691;29.415371;-86
13.593081;29.46102;-86
13.591469;29.50667;-85
13.589858;29.552319;-85
13.588247;29.597969;-84
13.586636;29.643618;-84
13.585025;29.689266;-84
13.583413;29.734917;-84
13.581802;29.780565;-84
13.57771;29.853399;-81
13.575665;29.889816;-83
13.573619;29.926235;-83
13.571573;29.962652;-86
13.569527;29.999069;-86
13.567481;30.035486;-87
13.565435;30.071903;-87
13.563389;30.10832;-86
13.561343;30.144737;-86
13.559298;30.181156;-87
13.557252;30.217573;-87
13.555205;30.25399;-87
13.55316;30.290407;-87
13.551114;30.326824;-85
13.549067;30.363241;-85
13.547022;30.399658;-87
13.544976;30.436077;-87
13.542931;30.472494;-87
13.540884;30.508911;-87
13.538838;30.545328;-87
13.536547;30.595739;-86
13.535401;30.620945;-85
13.534255;30.646151;-85
13.53311;30.671356;-87
13.531964;30.696562;-87
13.530818;30.721767;-87
13.529673;30.746973;-87
13.528526;30.772179;-87
13.527381;30.797384;-87
13.526236;30.82259;-87
13.525089;30.847795;-87
13.523944;30.873001;-87
13.522798;30.898207;-87
13.521652;30.923412;-87
13.608361;30.979656;-87
13.637265;30.998404;-87
13.666168;31.017153;-87
13.695071;31.0359;-88
13.723974;31.054647;-88
13.752877;31.073397;-88
13.78178;31.092144;-88
13.810683;31.110891;-84
13.839587;31.129641;-84
13.86849;31.148388;-85
13.897393;31.167135;-85
13.926296;31.185883;-85
13.955199;31.204632;-85
13.984102;31.223379;-88
14.013005;31.242126;-88
14.041908;31.260876;-88
14.070812;31.279623;-88
14.099715;31.29837;-88
14.128618;31.31712;-88
14.157521;31.335867;-88
14.157521;31.335867;-83
14.328055;31.357679;-84
14.384901;31.36495;-84
14.441746;31.372221;-84
14.49859;31.379492;-87
14.555435;31.386763;-87
14.61228;31.394033;-90
14.669125;31.401304;-90
14.72597;31.408575;-90
14.782815;31.415846;-90
14.83966;31.423117;-90
14.896504;31.430387;-90
14.896504;31.430387;-90
15.18375;31.467215;-90
15.279499;31.47949;-90
15.375248;31.491766;-85
15.470996;31.504042;-85
15.566745;31.516317;-85
15.566745;31.516317;-85
15.762661;31.521473;-85
15.827967;31.523191;-90
15.893272;31.52491;-90
15.958577;31.526628;-90
16.023882;31.528347;-90
16.089188;31.530066;-88
16.154493;31.531784;-88
16.219799;31.533503;-88
16.386368;31.547384;-88
16.441891;31.55201;-88
16.497414;31.556637;-88
16.552937;31.561264;-88
16.608459;31.565891;-90
16.663982;31.570518;-90
16.719505;31.575146;-90
16.775028;31.579771;-90
16.830551;31.584398;-91
16.886074;31.589025;-91
16.941597;31.593653;-91
17.202246;31.616568;-91
17.376011;31.631844;-91
17.462894;31.639481;-91
17.549778;31.64712;-91
17.63666;31.654757;-91
17.723543;31.662395;-91
17.723543;31.662395;-91
17.79493;31.667683;-91
17.830624;31.670328;-91
17.866316;31.672972;-91
17.90201;31.675615;-100
17.937702;31.678259;-100
17.973396;31.680902;-100
18.00909;31.683548;-100
18.044783;31.686192;-100
18.080477;31.688835;-100
18.116169;31.691479;-100
18.151863;31.694122;-100
18.187555;31.696766;-100
18.223249;31.699411;-100
18.258944;31.702055;-100
18.294636;31.704699;-100
18.33033;31.707342;-100
18.366022;31.709986;-100
18.401716;31.712631;-100
18.43741;31.715275;-100
18.473103;31.717918;-100
18.508797;31.720562;-100
18.544489;31.723206;-100
18.580183;31.725851;-91
18.615875;31.728495;-91
18.651569;31.731138;-91
18.651569;31.731138;-91
18.880711;31.756916;-91
18.957092;31.765509;-91
19.033472;31.774103;-91
19.109854;31.782696;-91
19.186234;31.791288;-91
19.262615;31.799881;-91
19.338995;31.808474;-91
19.430294;31.815992;-91
19.475943;31.819752;-91
19.521593;31.823511;-91
19.567242;31.827271;-91
19.612892;31.83103;-91
19.658541;31.834789;-100
19.704189;31.838547;-100
19.74984;31.842306;-100
19.795488;31.846066;-100
19.841139;31.849825;-84
19.886787;31.853584;-84
19.932438;31.857344;-84
19.978086;31.861103;-84
20.023737;31.864862;-84
20.069386;31.868622;-84
20.208433;31.882683;-90
20.277956;31.889713;-90
20.347481;31.896744;-90
20.417004;31.903774;-90
20.486528;31.910805;-90
20.556051;31.917835;-90
20.625576;31.924866;-90
20.695099;31.931896;-90
20.764624;31.938927;-90
20.834146;31.945957;-90
21.04283;31.968054;-90
21.147171;31.979101;-90
21.355854;32.001198;-90
21.460196;32.012245;-90
21.564537;32.023293;-100
21.564537;32.023293;-100
21.721355;32.034035;-100
21.799765;32.039406;-100
21.878174;32.044777;-100
21.956585;32.050144;-100
22.034994;32.055515;-91
22.113403;32.060886;-91
22.191813;32.066257;-91
22.191813;32.066257;-91
22.380856;32.08989;-87
22.475376;32.101704;-87
22.569897;32.113518;-87
22.664417;32.125332;-87
22.758938;32.137146;-87
22.85346;32.148964;-87
22.947981;32.160778;-87
23.109526;32.176247;-84
23.190298;32.183979;-84
23.27107;32.191711;-86
23.351845;32.199448;-86
23.51339;32.214912;-86
23.594162;32.222645;-86
23.674934;32.230381;-89
23.755707;32.238113;-89
23.755707;32.238113;-86
23.902645;32.238113;-91
23.951624;32.238113;-91
24.000603;32.238113;-91
24.049582;32.238113;-82
24.09856;32.238113;-82
24.147541;32.238113;-78
24.19652;32.238113;-78
24.245499;32.238113;-78
24.37373;32.252655;-78
24.437845;32.259926;-83
24.501961;32.267197;-83
24.566076;32.274467;-80
24.630192;32.281738;-80
24.694309;32.289009;-80
24.758425;32.29628;-80
24.82254;32.303551;-82
24.886656;32.310822;-82
24.950771;32.318092;-83
25.014887;32.325363;-83
25.079002;32.332634;-83
24.941517;32.315449;-85
24.872774;32.306854;-82
24.804031;32.298264;-82
24.735291;32.289673;-75
24.666548;32.281078;-75
24.597805;32.272484;-78
24.529062;32.263893;-78
24.46032;32.255302;-80
24.391577;32.246708;-80
24.405897;32.077717;-86
24.410671;32.021385;-80
24.415445;31.965054;-80
24.420219;31.908724;-81
24.429766;31.796062;-81
24.43454;31.739731;-85
24.43454;31.739731;-85
24.436449;31.639481;-77
24.437405;31.589355;-77
24.438358;31.539232;-77
24.439314;31.489107;-75
24.440268;31.438982;-75
24.441223;31.388857;-82
24.442177;31.338732;-82
24.443132;31.288607;-84
24.444088;31.238483;-84
24.445042;31.188358;-84
24.445997;31.138233;-84
24.446951;31.088108;-84
24.447906;31.037983;-82
24.44886;30.987858;-82
24.449816;30.937735;-81
24.450769;30.887609;-81
24.451725;30.837484;-81
24.46891;30.599033;-83
24.477503;30.479809;-83
24.486095;30.360582;-82
24.49469;30.241356;-82
24.503283;30.122131;-82
24.511875;30.002907;-78
24.520468;29.88368;-78
24.530289;29.758471;-82
24.535198;29.695866;-81
24.540108;29.633261;-81
24.545019;29.570656;-79
24.549929;29.508051;-79
24.55484;29.445446;-80
24.55975;29.382841;-80
24.564659;29.320236;-80
24.569571;29.257631;-80
24.57448;29.195026;-84
24.57939;29.132421;-84
24.584301;29.069817;-76
24.589211;29.007212;-76
24.589211;29.007212;-76
24.599951;28.843948;-75
24.603533;28.789526;-75
24.607113;28.735106;-79
24.610693;28.680685;-79
24.614273;28.626263;-75
24.617853;28.571842;-75
24.621433;28.51742;-75
24.625015;28.462999;-75
24.628595;28.408577;-77
24.632175;28.354156;-77
24.666548;27.963184;-76
24.678003;27.832859;-76
24.689461;27.702534;-76
24.700918;27.57221;-72
24.700918;27.57221;-72
24.714979;27.351921;-71
24.719666;27.278492;-71
24.724352;27.205063;-71
24.72904;27.131632;-73
24.733727;27.058203;-73
24.738413;26.984774;-79
24.747787;26.837914;-79
24.752474;26.764484;-80
24.752474;26.764484;-80
24.75984;26.694105;-79
24.763521;26.658915;-79
24.767204;26.623726;-79
24.770887;26.588535;-77
24.77457;26.553347;-77
24.778252;26.518156;-77
24.781935;26.482967;-77
24.785618;26.447777;-81
24.789301;26.412588;-81
24.792982;26.377398;-81
24.796665;26.342209;-79
24.800348;26.307018;-79
24.804031;26.27183;-78
24.807713;26.236639;-78
24.811396;26.20145;-78
24.815079;26.16626;-78
24.818762;26.131071;-80
24.822443;26.095881;-80
24.826126;26.060692;-79
24.829809;26.025501;-79
24.829809;26.025501;-75
24.840549;25.851498;-76
24.845921;25.764494;-76
24.851292;25.677492;-75
24.856663;25.59049;-75
24.862034;25.503487;-74
24.867403;25.416485;-74
24.872774;25.329483;-77
24.872774;25.329483;-77
24.885273;25.201372;-75
24.891521;25.137316;-75
24.897772;25.073259;-75
24.90402;25.009205;-75
24.910271;24.945148;-66
24.916519;24.881094;-66
24.92277;24.817038;-67
24.929018;24.752981;-67
24.935268;24.688927;-67
24.941517;24.62487;-67
24.950371;24.551441;-71
24.954796;24.514727;-69
24.959223;24.478012;-69
24.96365;24.441296;-68
24.968077;24.404581;-68
24.972504;24.367867;-68
24.976931;24.331152;-70
24.981356;24.294437;-70
24.985783;24.257723;-74
24.99021;24.221008;-74
24.994637;24.184294;-69
24.999063;24.147577;-69
25.003489;24.110863;-71
25.007915;24.074148;-71
25.012342;24.037434;-74
25.016769;24.000719;-74
25.021196;23.964005;-70
25.025623;23.92729;-70
25.030048;23.890575;-72
25.034475;23.853859;-72
25.038902;23.817144;-70
25.043329;23.78043;-70
25.047756;23.743715;-67
25.052181;23.707001;-67
25.056608;23.670286;-71
25.069889;23.560141;-73
25.074316;23.523426;-73
25.078741;23.486712;-73
25.083168;23.449997;-73
25.087595;23.413282;-73
25.087595;23.413282;-74
24.95672;23.386843;-73
24.891281;23.373623;-73
24.825844;23.360403;-70
24.760406;23.347183;-70
24.694969;23.333963;-75
24.62953;23.320745;-75
24.564093;23.307526;-73
24.498655;23.294306;-73
24.433218;23.281086;-73
24.367779;23.267866;-69
24.302341;23.254646;-69
24.236904;23.241426;-76
24.236904;23.241426;-76
24.185347;23.234818;-76
24.159569;23.231512;-73
24.133791;23.228207;-73
24.108011;23.224901;-72
24.082233;23.221598;-72
24.056456;23.218292;-74
24.030678;23.214987;-74
24.004898;23.211681;-72
23.97912;23.208378;-72
23.953342;23.205072;-72
23.927563;23.201767;-72
23.901785;23.198463;-72
23.876007;23.195158;-76
23.850227;23.191853;-76
23.82445;23.188547;-68
23.798672;23.185244;-68
23.772892;23.181938;-71
23.747114;23.178633;-71
23.721336;23.175327;-75
23.695559;23.172024;-75
23.669779;23.168718;-78
23.644001;23.165413;-78
23.618223;23.162107;-68
23.592443;23.158804;-68
23.566666;23.155499;-68
23.515682;23.152634;-67
23.490189;23.151201;-68
23.464697;23.149771;-68
23.439205;23.148338;-71
23.413713;23.146906;-71
23.388222;23.145473;-68
23.362728;23.144041;-68
23.337236;23.142609;-69
23.311745;23.141176;-69
23.286253;23.139744;-68
23.260761;23.138313;-68
23.235268;23.136881;-68
23.209776;23.135448;-68
23.184284;23.134016;-68
23.158792;23.132584;-68
23.133301;23.131151;-68
23.107807;23.129719;-68
23.082315;23.128288;-68
23.056824;23.126856;-68
23.031332;23.125423;-69
23.00584;23.123991;-69
22.980347;23.122559;-69
22.954855;23.121126;-69
22.929363;23.119694;-69
22.87838;23.116831;-69
22.852886;23.115398;-69
22.827394;23.113966;-74
22.801903;23.112534;-74
22.801903;23.112534;-71
22.564169;23.098213;-79
22.445301;23.091051;-79
22.326433;23.083891;-76
22.207567;23.076731;-76
22.088699;23.069571;-86
22.088699;23.069571;-86
21.848101;23.038063;-83
21.7278;23.022308;-80
21.6075;23.006556;-80
21.487202;22.990803;-87
21.366901;22.975048;-87
21.366901;22.975048;-87
21.349716;23.119408;-78
21.341124;23.191587;-77
21.332531;23.263767;-77
21.323936;23.335947;-77
21.315344;23.408127;-77
21.306751;23.480307;-83
21.298159;23.552486;-83
21.289566;23.624666;-77
21.280973;23.696846;-77
21.290998;23.577978;-79
21.296011;23.518545;-79
21.301023;23.45911;-76
21.306036;23.399677;-76
21.311049;23.340244;-78
21.316061;23.280809;-78
21.321074;23.221376;-76
21.326086;23.161942;-76
21.331099;23.102509;-76
21.336111;23.043074;-76
21.341124;22.983641;-76
21.349716;22.884209;-76
21.354013;22.834494;-76
21.358309;22.784779;-76
21.362606;22.735064;-85
21.366901;22.685347;-85
21.371199;22.635632;-85
21.375496;22.585917;-85
21.379791;22.5362;-81
21.384089;22.486485;-81
21.388384;22.436769;-80
21.392681;22.387054;-80
21.396976;22.337337;-79
21.401274;22.287622;-79
21.413549;22.178371;-78
21.419687;22.123745;-78
21.425825;22.069118;-77
21.431963;22.014494;-77
21.438101;21.959867;-78
21.444237;21.905243;-78
21.450375;21.850616;-85
21.456512;21.79599;-85
21.46265;21.741365;-83
21.468788;21.686739;-83
21.474926;21.632113;-84
21.481064;21.577488;-84
21.487202;21.522861;-84
21.515844;21.29372;-83
21.530167;21.179148;-82
21.558807;20.950006;-82
21.57313;20.835436;-85
21.57313;20.835436;-85
21.555944;20.984951;-81
21.547352;21.059708;-81
21.538759;21.134466;-81
21.530165;21.209225;-80
21.521572;21.283981;-80
21.51298;21.358738;-85
21.504387;21.433496;-85
21.495794;21.508255;-83
21.487202;21.583012;-83
21.487202;21.583012;-81
21.470016;21.875168;-81
21.461422;22.021244;-81
21.452829;22.167322;-81
21.444237;22.3134;-80
21.444237;22.3134;-80
21.427052;22.487406;-78
21.418459;22.574408;-79
21.409866;22.661411;-79
21.401272;22.748413;-79
21.392679;22.835415;-79
21.384087;22.922419;-79
21.375494;23.00942;-73
21.375494;23.00942;-73
21.545202;23.024458;-74
21.630056;23.031977;-72
21.714911;23.039495;-72
21.799765;23.047014;-74
21.884619;23.054533;-74
21.969473;23.062052;-74
22.054327;23.069571;-74
22.356794;23.083319;-74
22.508028;23.090193;-74
22.659262;23.097067;-75
22.810495;23.103941;-75
22.810495;23.103941;-68
22.999538;23.112534;-71
23.094059;23.116831;-71
23.18858;23.121128;-68
23.283102;23.125423;-68
23.377623;23.129721;-71
23.472145;23.134016;-71
23.566666;23.138313;-71
23.812992;23.169821;-71
23.936157;23.185574;-71
24.05932;23.201326;-71
24.182484;23.217081;-67
24.305647;23.232834;-67
24.560568;23.267204;-71
24.688028;23.284391;-70
24.815489;23.301577;-70
24.942949;23.318762;-75
25.07041;23.335947;-75
25.098532;23.235958;-75
25.112593;23.185963;-75
25.126654;23.135969;-74
25.140715;23.085974;-74
25.154776;23.03598;-77
25.168837;22.985985;-77
25.182898;22.935991;-74
25.21102;22.836002;-74
25.22508;22.786007;-68
25.22508;22.786007;-68
25.256014;22.60384;-69
25.271482;22.512754;-69
25.286949;22.421671;-64
25.302416;22.330587;-64
25.317883;22.239504;-66
25.333349;22.14842;-66
25.348818;22.057335;-70
25.364285;21.966251;-70
25.379751;21.875168;-68
25.379751;21.875168;-68
25.396936;21.720497;-70
25.405529;21.643162;-74
25.414122;21.565826;-74
25.422716;21.488489;-69
25.431309;21.411154;-69
25.439901;21.333818;-64
25.448494;21.256483;-64
25.457087;21.179148;-61
25.465679;21.101812;-61
25.476181;21.021612;-60
25.486683;20.941414;-60
25.497187;20.861214;-60
25.507689;20.781013;-62
25.51819;20.700815;-62
25.528692;20.620615;-60
25.539196;20.540415;-60
25.549698;20.460217;-61
25.5602;20.380016;-61
25.5602;20.380016;-60
25.570511;20.23222;-60
25.575666;20.158321;-62
25.580822;20.084423;-62
25.585979;20.010525;-62
25.591135;19.936626;-62
25.596291;19.862728;-63
25.601446;19.78883;-63
25.606602;19.714931;-62
25.611757;19.641033;-62
25.611757;19.641033;-59
25.666752;19.22514;-62
25.694248;19.017195;-62
25.721746;18.809248;-64
25.749243;18.601301;-64
25.749243;18.601301;-64
