40.929737;6.727288;-53
40.924469;6.851102;-53
40.921833;6.91301;-53
40.919201;6.974916;-55
40.916565;7.036824;-55
40.913929;7.098731;-53
40.911297;7.160638;-53
40.908661;7.222546;-53
40.906025;7.284453;-51
40.903393;7.34636;-51
40.900757;7.408267;-51
40.898125;7.470174;-51
40.895489;7.532082;-51
40.895489;7.566328;-53
40.895489;7.600574;-51
40.895489;7.634821;-51
40.895489;7.669068;-51
40.895489;7.703314;-51
40.895489;7.737561;-53
40.895489;7.771807;-53
40.895489;7.806054;-50
40.895489;7.874547;-50
40.895489;7.908793;-52
40.895489;7.94304;-52
40.895489;7.977286;-53
40.895489;8.011533;-53
40.895489;8.045779;-53
40.895489;8.080027;-50
40.895489;8.114273;-50
40.895489;8.14852;-51
40.895489;8.182766;-51
40.895489;8.217012;-50
40.895489;8.251259;-50
40.895489;8.251259;-50
40.889782;8.351715;-52
40.886929;8.401943;-52
40.884071;8.452172;-52
40.881218;8.5024;-52
40.878365;8.552629;-52
40.875511;8.602857;-52
40.872658;8.653085;-53
40.869804;8.703313;-53
40.866951;8.753541;-50
40.864098;8.803769;-50
40.86124;8.853998;-50
40.858387;8.904226;-50
40.855534;8.954454;-50
40.85268;9.004683;-51
40.85268;9.004683;-51
40.85268;9.145338;-52
40.85268;9.215666;-51
40.85268;9.285994;-51
40.85268;9.356321;-53
40.85268;9.426649;-53
40.85268;9.496977;-49
40.85268;9.567305;-49
40.85268;9.637632;-56
40.85268;9.70796;-56
40.85268;9.778288;-50
40.85268;9.848616;-50
40.85268;9.918943;-53
40.85268;9.989271;-53
40.85268;9.989271;-53
40.855793;10.08734;-50
40.857349;10.136375;-50
40.858906;10.18541;-50
40.860462;10.234446;-53
40.862022;10.28348;-53
40.863579;10.332515;-49
40.865135;10.38155;-49
40.866692;10.430585;-47
40.868248;10.479619;-47
40.869804;10.528654;-47
41.082623;10.533546;-54
41.18903;10.535993;-52
41.295441;10.538439;-52
41.401848;10.540885;-49
41.508259;10.543331;-49
41.614666;10.545777;-45
41.614666;10.545777;-45
41.803024;10.545777;-46
41.897202;10.545777;-50
41.991379;10.545777;-50
42.085556;10.545777;-50
42.179733;10.545777;-50
42.273914;10.545777;-47
42.368092;10.545777;-47
42.479393;10.545777;-47
42.590694;10.545777;-47
42.701996;10.545777;-51
42.813293;10.545777;-51
42.924595;10.545777;-47
43.035896;10.545777;-47
43.147198;10.545777;-47
43.147198;10.545777;-47
43.261353;10.535789;-56
43.375507;10.5258;-56
43.489662;10.515812;-52
43.603821;10.505823;-52
43.717976;10.495834;-45
43.83213;10.485846;-45
43.83213;10.485846;-44
43.82357;10.345435;-45
43.819286;10.275229;-45
43.815006;10.205024;-45
43.810726;10.134818;-51
43.806446;10.064613;-51
43.802166;9.994408;-48
43.797882;9.924202;-48
43.793602;9.853997;-50
43.789322;9.783792;-50
43.789322;9.783792;-50
43.783615;9.623975;-47
43.780762;9.544065;-47
43.777908;9.464157;-50
43.775051;9.384249;-50
43.772198;9.30434;-49
43.769344;9.224431;-49
43.766491;9.144523;-55
43.763638;9.064614;-55
43.761002;8.984266;-53
43.758369;8.903919;-53
43.755733;8.823571;-53
43.753101;8.743224;-53
43.750465;8.662876;-53
43.747829;8.582528;-49
43.745197;8.502181;-49
43.742561;8.421833;-53
43.739925;8.341485;-53
43.737293;8.261138;-47
43.734657;8.18079;-47
43.732025;8.100443;-49
43.729389;8.020095;-49
43.751404;7.873324;-49
43.762413;7.799939;-49
43.773422;7.726553;-52
43.784431;7.653168;-52
43.795437;7.579782;-52
43.806446;7.506397;-52
43.801094;7.403657;-55
43.795746;7.300918;-55
43.790394;7.198178;-52
43.785042;7.095438;-52
43.77969;6.992699;-51
43.774338;6.889959;-51
43.76899;6.78722;-51
43.763638;6.68448;-51
43.763638;6.723007;-59
43.763638;6.761534;-57
43.763638;6.800062;-57
43.763638;6.838589;-58
43.763638;6.877116;-58
43.763638;6.915644;-53
43.763638;6.954171;-53
43.763638;6.992699;-57
43.763638;7.031226;-57
43.763638;7.069753;-53
43.763638;7.146808;-53
43.763638;7.185335;-49
43.763638;7.223863;-49
43.763638;7.26239;-50
43.763638;7.300917;-50
43.763638;7.300917;-50
43.758743;7.518627;-54
43.756298;7.627482;-53
43.753853;7.736337;-53
43.751408;7.845192;-54
43.748959;7.954047;-54
43.746513;8.062902;-53
43.746513;8.062902;-53
43.746513;8.1899;-51
43.746513;8.253399;-51
43.746513;8.316897;-50
43.746513;8.380397;-50
43.746513;8.443895;-52
43.746513;8.507394;-52
43.746513;8.570893;-50
43.746513;8.634392;-50
43.746513;8.69789;-47
43.746513;8.76139;-47
43.746513;8.824888;-47
43.746513;8.824888;-47
43.763638;8.939614;-46
43.772198;8.996977;-45
43.780762;9.05434;-45
43.789322;9.111703;-50
43.797882;9.169065;-50
43.806446;9.226429;-50
43.815006;9.283792;-50
43.82357;9.341155;-50
43.83213;9.398518;-55
43.83213;9.398518;-55
43.838791;9.521235;-54
43.842117;9.582593;-50
43.845448;9.643951;-50
43.848778;9.70531;-49
43.852108;9.766668;-49
43.855434;9.828027;-53
43.858765;9.889385;-53
43.862095;9.950744;-52
43.865425;10.012101;-52
43.868755;10.07346;-53
43.872082;10.134818;-53
43.875412;10.196177;-52
43.878742;10.257535;-52
43.882072;10.318893;-51
43.885399;10.380252;-51
43.888729;10.44161;-51
43.892059;10.502969;-51
43.775051;10.510103;-50
43.716545;10.513671;-52
43.658043;10.517239;-54
43.599537;10.520805;-54
43.541035;10.524373;-50
43.482529;10.527941;-50
43.424023;10.531507;-57
43.36552;10.535075;-57
43.307014;10.538643;-56
43.248512;10.54221;-56
43.190006;10.545777;-56
42.950279;10.533546;-56
42.710556;10.521316;-56
42.590694;10.5152;-56
42.470829;10.509085;-53
42.350967;10.502969;-53
42.350967;10.502969;-57
42.174843;10.5152;-55
42.086781;10.521316;-55
41.998714;10.527431;-56
41.910652;10.533546;-56
41.82259;10.539661;-52
41.734528;10.545777;-52
41.734528;10.545777;-54
41.516819;10.545777;-54
41.407963;10.545777;-55
41.299107;10.545777;-55
41.19025;10.545777;-54
41.081398;10.545777;-54
40.972542;10.545777;-54
40.975754;10.604639;-53
40.978966;10.6635;-55
40.982174;10.722361;-55
40.985386;10.781222;-55
40.988598;10.840084;-49
40.991806;10.898945;-49
40.995018;10.957806;-52
40.99823;11.016667;-52
40.84412;11.053054;-50
40.767067;11.071247;-53
40.69001;11.089441;-53
40.612953;11.107635;-57
40.5359;11.125828;-57
40.458847;11.144021;-59
40.38179;11.162214;-59
40.38179;11.162214;-62
40.2127;11.1879;-62
40.128151;11.200742;-56
40.043606;11.213585;-56
39.959061;11.226427;-59
39.874512;11.239269;-59
39.789967;11.252112;-60
39.705421;11.264955;-60
39.592896;11.262508;-59
39.480373;11.260062;-59
39.367847;11.257616;-62
39.255325;11.25517;-62
39.142799;11.252724;-67
39.030277;11.250278;-67
38.917751;11.247831;-67
38.719612;11.2356;-62
38.620541;11.229485;-63
38.521469;11.22337;-63
38.422398;11.217254;-63
38.32333;11.211139;-63
38.224258;11.205023;-56
38.224258;11.205023;-56
38.077;11.205023;-58
38.003368;11.205023;-61
37.929737;11.205023;-61
37.85611;11.205023;-58
37.782478;11.205023;-58
37.708847;11.205023;-62
37.635216;11.205023;-62
37.561588;11.205023;-63
37.487957;11.205023;-63
37.17289;11.205023;-63
37.015354;11.205023;-60
36.700287;11.205023;-61
36.700287;11.205023;-61
36.569527;11.205023;-61
36.504147;11.205023;-61
36.438766;11.205023;-62
36.373386;11.205023;-62
36.30801;11.205023;-64
36.24263;11.205023;-64
36.17725;11.205023;-61
36.11187;11.205023;-61
36.04649;11.205023;-63
35.98111;11.205023;-63
35.98111;11.205023;-67
35.729969;11.205023;-70
35.604401;11.205023;-70
35.478828;11.205023;-66
35.353256;11.205023;-66
35.227688;11.205023;-66
35.149681;11.202169;-69
35.071674;11.199315;-69
34.993668;11.196462;-65
34.915661;11.193607;-65
34.837658;11.190754;-66
34.759651;11.1879;-66
34.681644;11.185046;-66
34.603638;11.182192;-66
34.525631;11.179338;-61
34.525631;11.179338;-61
34.500896;11.273517;-60
34.488529;11.320605;-60
34.476162;11.367695;-60
34.463799;11.414783;-60
34.451431;11.461872;-61
34.439064;11.508962;-61
34.426697;11.55605;-60
34.41433;11.60314;-60
34.401962;11.650229;-66
34.389595;11.697317;-66
34.377228;11.744407;-69
34.364861;11.791495;-69
34.352497;11.838584;-63
34.34013;11.885674;-63
34.327763;11.932762;-63
34.315395;11.979852;-63
34.303028;12.02694;-63
34.299816;12.121119;-61
34.298214;12.168207;-62
34.296608;12.215296;-62
34.295002;12.262385;-63
34.293396;12.309474;-63
34.29179;12.356564;-64
34.290184;12.403652;-64
34.288582;12.450741;-62
34.286976;12.49783;-62
34.28537;12.544919;-64
34.283764;12.592009;-64
34.282158;12.639097;-68
34.280556;12.686186;-68
34.27895;12.733275;-72
34.277344;12.780364;-72
34.273918;12.924199;-73
34.272209;12.996118;-73
34.270496;13.068035;-71
34.268784;13.139953;-71
34.267071;13.21187;-73
34.265358;13.283788;-73
34.261936;13.427624;-79
34.260223;13.499541;-79
34.260223;13.499541;-77
34.264503;13.685757;-78
34.266644;13.778864;-78
34.268784;13.871972;-80
34.270924;13.96508;-80
34.273064;14.058187;-78
34.275204;14.151295;-78
34.277344;14.244403;-78
34.277344;14.244403;-84
34.289433;14.102381;-74
34.293461;14.055039;-77
34.297489;14.007699;-77
34.301517;13.960359;-76
34.305546;13.913017;-76
34.309574;13.865677;-77
34.313606;13.818336;-77
34.317635;13.770995;-77
34.321663;13.723654;-77
34.325691;13.676313;-77
34.32972;13.628973;-77
34.333748;13.581632;-78
34.33778;13.534291;-78
34.341808;13.48695;-78
34.345837;13.43961;-78
34.345837;13.43961;-78
34.325291;13.29235;-78
34.315014;13.218719;-79
34.304741;13.145089;-79
34.294468;13.071459;-82
34.284195;12.997829;-82
34.273922;12.924199;-74
34.263645;12.850569;-74
34.253372;12.776939;-68
34.243099;12.703309;-68
34.243099;12.703309;-75
34.271118;12.495495;-74
34.280457;12.426224;-74
34.289799;12.356952;-73
34.299137;12.287681;-73
34.308479;12.218409;-70
34.317818;12.149137;-70
34.327156;12.079866;-68
34.336498;12.010594;-68
34.345837;11.941323;-61
34.345837;11.941323;-61
34.345837;11.761529;-62
34.345837;11.701597;-62
34.345837;11.641666;-62
34.345837;11.581735;-69
34.345837;11.521803;-69
34.345837;11.461872;-63
34.345837;11.40194;-63
34.345837;11.342009;-64
34.345837;11.282078;-64
34.345837;11.222146;-64
34.188301;11.227283;-63
34.109535;11.229852;-67
34.030769;11.23242;-67
33.952;11.234989;-66
33.873234;11.237557;-66
33.715702;11.242694;-66
33.636932;11.245263;-66
33.558167;11.247831;-68
33.558167;11.247831;-68
33.363388;11.237129;-67
33.266003;11.231778;-68
33.168613;11.226427;-68
33.071224;11.221076;-63
32.973839;11.215725;-63
32.87645;11.210374;-66
32.77906;11.205023;-66
32.77906;11.205023;-69
32.580921;11.217254;-68
32.48185;11.22337;-68
32.382778;11.229485;-68
32.283707;11.2356;-69
32.184639;11.241715;-69
32.085567;11.247831;-72
32.085567;11.247831;-72
31.817303;11.239269;-67
31.72788;11.236416;-67
31.63846;11.233562;-67
31.549038;11.230708;-68
31.459616;11.227854;-68
31.370195;11.225;-67
31.280773;11.222146;-67
31.280773;11.222146;-63
31.067589;11.217009;-69
30.996527;11.215297;-67
30.925467;11.213585;-67
30.854404;11.211872;-67
30.783342;11.210159;-66
30.71228;11.208447;-66
30.64122;11.206736;-66
30.570158;11.205023;-66
30.364677;11.205023;-69
30.261938;11.205023;-66
30.159199;11.205023;-66
30.056459;11.205023;-70
29.953718;11.205023;-70
29.850979;11.205023;-70
29.461426;11.205023;-69
29.331573;11.205023;-69
29.201721;11.205023;-70
29.071871;11.205023;-70
29.071871;11.205023;-70
28.792547;11.221076;-67
28.69944;11.226427;-67
28.606333;11.231778;-69
28.513226;11.237129;-69
28.420116;11.24248;-71
28.327009;11.247831;-71
28.087284;11.233562;-70
27.967421;11.226427;-67
27.847557;11.219293;-67
27.727695;11.212157;-73
27.607832;11.205023;-73
27.578255;11.092943;-73
27.563467;11.036903;-73
27.53389;10.924824;-69
27.519102;10.868784;-69
27.504313;10.812744;-67
27.489525;10.756704;-67
27.474737;10.700665;-67
27.459948;10.644625;-67
27.44516;10.588585;-73
27.44516;10.588585;-73
27.414337;10.266667;-66
27.398928;10.105709;-66
27.383516;9.94475;-69
27.368105;9.783792;-69
27.368105;9.783792;-72
27.346703;9.428484;-69
27.336;9.25083;-69
27.325298;9.073175;-71
27.325298;9.073175;-71
27.306034;8.514529;-71
27.299612;8.328314;-74
27.299612;8.328314;-74
27.291052;7.947321;-72
27.288197;7.820323;-72
27.285343;7.693326;-70
27.28249;7.566328;-70
27.28249;7.566328;-71
27.29105;7.176774;-73
27.293905;7.046922;-73
27.296759;6.91707;-70
27.299612;6.787219;-70
27.293905;6.561763;-71
27.291052;6.449034;-66
27.288197;6.336306;-66
27.285343;6.223578;-73
27.28249;6.11085;-73
27.291052;6.216036;-69
27.295332;6.268629;-69
27.299612;6.321221;-73
27.303894;6.373815;-73
27.308174;6.426407;-71
27.312456;6.479001;-71
27.316736;6.531593;-76
27.321016;6.584186;-76
27.325298;6.636779;-71
27.329578;6.689372;-71
27.333858;6.741965;-70
27.33814;6.794558;-70
27.342421;6.847151;-68
27.342421;6.847151;-68
27.33814;7.022665;-69
27.336714;7.081169;-69
27.335287;7.139673;-69
27.33386;7.198178;-71
27.332432;7.256682;-71
27.331005;7.315187;-70
27.329578;7.373692;-70
27.328152;7.432196;-71
27.326725;7.4907;-71
27.325298;7.549205;-71
27.318876;7.743982;-69
27.315666;7.841371;-69
27.312454;7.938759;-69
27.309244;8.036148;-69
27.306034;8.133536;-78
27.302822;8.230926;-78
27.299612;8.328314;-74
27.299612;8.328314;-74
27.299612;8.526088;-72
27.299612;8.592012;-72
27.299612;8.657936;-67
27.299612;8.723861;-67
27.299612;8.789785;-67
27.299612;8.85571;-72
27.299612;8.921635;-72
27.299612;8.987559;-79
27.299612;8.987559;-79
27.313881;9.227285;-76
27.318638;9.307194;-76
27.323395;9.387102;-76
27.328152;9.46701;-76
27.332907;9.54692;-71
27.337664;9.626828;-71
27.342421;9.706737;-70
27.342421;9.706737;-70
27.365252;9.883677;-72
27.376667;9.972147;-72
27.388083;10.060617;-77
27.399498;10.149088;-77
27.410913;10.237558;-70
27.422329;10.326028;-70
27.433744;10.414498;-67
27.44516;10.502969;-67
27.44516;10.502969;-66
27.441736;10.634818;-68
27.440594;10.678767;-68
27.439453;10.722717;-70
27.438311;10.766667;-70
27.43717;10.810616;-69
27.436028;10.854567;-69
27.434887;10.898516;-68
27.433744;10.942466;-68
27.432604;10.986416;-74
27.431461;11.030365;-74
27.430321;11.074315;-75
27.429178;11.118264;-75
27.428038;11.162214;-75
27.272215;11.186187;-72
27.194305;11.198174;-67
27.116394;11.210159;-67
27.038483;11.222146;-70
26.960571;11.234133;-70
26.88266;11.246119;-72
26.80475;11.258105;-72
26.726839;11.270091;-70
26.648928;11.282078;-70
26.43611;11.282078;-69
26.3297;11.282078;-75
26.223293;11.282078;-75
26.116884;11.282078;-69
26.010475;11.282078;-69
25.904066;11.282078;-69
25.904066;11.301003;-68
25.904066;11.310467;-68
25.904066;11.319929;-72
25.904066;11.329392;-72
25.904066;11.338855;-72
25.904066;11.348318;-72
25.904066;11.35778;-71
25.904066;11.367244;-71
25.904066;11.376706;-72
25.904066;11.386169;-72
25.904066;11.395632;-68
25.904066;11.405095;-68
25.904066;11.414557;-67
25.904066;11.424021;-67
25.904066;11.433483;-68
25.904066;11.442946;-68
25.904066;11.452409;-71
25.904066;11.461872;-71
25.904066;11.471335;-68
25.904066;11.480798;-68
25.904066;11.490261;-68
25.904066;11.499723;-71
25.904066;11.509187;-71
25.904066;11.518649;-69
25.904066;11.528112;-69
25.904066;11.537575;-69
25.904066;11.547038;-69
25.904066;11.5565;-68
25.904066;11.565964;-68
25.904066;11.575426;-69
25.904066;11.584889;-69
25.904066;11.594352;-70
25.904066;11.603815;-70
25.904066;11.613277;-71
25.904066;11.622741;-71
25.904066;11.632203;-71
25.904066;11.641666;-71
25.904066;11.65113;-71
25.904066;11.660592;-71
25.904066;11.670055;-70
25.904066;11.679518;-70
25.904066;11.688981;-67
25.904066;11.698443;-67
25.904066;11.707907;-68
25.904066;11.717369;-68
25.904066;11.726832;-68
25.904066;11.736295;-69
25.904066;11.745758;-69
25.904066;11.75522;-72
25.904066;11.764684;-72
25.904066;11.774146;-75
25.904066;11.783609;-75
25.904066;11.793072;-69
25.904066;11.802535;-69
25.904066;11.811997;-68
25.904066;11.821461;-68
25.902843;11.883226;-69
25.902231;11.91411;-69
25.901619;11.944993;-69
25.901009;11.975876;-73
25.900396;12.006759;-73
25.899786;12.037642;-73
25.899174;12.068525;-70
25.898561;12.099408;-70
25.897951;12.130291;-76
25.897339;12.161174;-76
25.896727;12.192058;-76
25.896116;12.22294;-76
25.895504;12.253823;-74
25.894892;12.284706;-74
25.894281;12.315589;-73
25.893669;12.346473;-73
25.892447;12.408238;-73
25.891834;12.439121;-73
25.891224;12.470005;-74
25.890612;12.500888;-74
25.889999;12.531771;-74
25.889389;12.562654;-74
25.888777;12.593536;-74
25.888165;12.62442;-74
25.887554;12.655303;-73
25.886942;12.686186;-73
25.886942;12.686186;-74
25.886942;12.945889;-74
25.886942;13.032456;-74
25.886942;13.119024;-75
25.886942;13.205592;-75
25.886942;13.292159;-83
25.886942;13.378727;-83
25.886942;13.465295;-83
25.86982;13.680559;-80
25.861258;13.788191;-80
25.852695;13.895823;-80
25.844133;14.003454;-80
25.835573;14.111087;-80
25.827011;14.218719;-83
25.827011;14.218719;-83
25.737114;14.244404;-85
25.707148;14.252965;-85
25.677183;14.261527;-85
25.647217;14.270088;-85
25.61725;14.27865;-85
25.587286;14.287211;-85
25.55732;14.295774;-85
25.527353;14.304335;-83
25.497389;14.312897;-83
25.467422;14.321459;-83
25.437456;14.33002;-83
25.407492;14.338582;-80
25.377525;14.347143;-80
25.347559;14.355705;-79
25.317595;14.364266;-79
25.287628;14.372828;-81
25.257662;14.38139;-81
25.227697;14.389952;-81
25.197731;14.398513;-81
25.167765;14.407075;-83
25.1378;14.415636;-83
25.107834;14.424198;-83
24.8624;14.41849;-82
24.780588;14.416588;-81
24.698778;14.414684;-84
24.616966;14.412782;-84
24.535154;14.410879;-81
24.453344;14.408977;-81
24.371532;14.407074;-81
24.211716;14.416587;-81
24.131807;14.421344;-84
24.051899;14.4261;-84
23.971989;14.430857;-80
23.89208;14.435613;-80
23.812172;14.44037;-83
23.732264;14.445126;-83
23.652355;14.449883;-83
23.32946;14.468229;-84
23.221827;14.474344;-84
23.114195;14.48046;-84
23.006563;14.486575;-85
22.898932;14.492691;-85
22.898932;14.492691;-81
22.898932;14.389952;-84
22.898932;14.355705;-83
22.898932;14.321459;-83
22.898932;14.287211;-83
22.898932;14.252965;-83
22.898932;14.218719;-83
22.898932;14.184472;-84
22.898932;14.150226;-84
22.898932;14.115979;-78
22.898932;14.081733;-78
22.898932;14.047486;-80
22.898932;14.01324;-80
22.898932;13.978993;-82
22.898932;13.944746;-82
22.898932;13.9105;-83
22.898932;13.876253;-83
22.898932;13.842007;-79
22.898932;13.80776;-79
22.898932;13.773514;-79
22.898932;13.607988;-80
22.898932;13.525227;-80
22.898932;13.442464;-80
22.898932;13.359701;-78
22.898932;13.276938;-78
22.898932;13.194177;-74
22.898932;13.111414;-74
22.898932;13.028651;-74
22.73531;13.024846;-76
22.653498;13.022943;-76
22.571688;13.021041;-76
22.489876;13.019138;-78
22.408066;13.017236;-78
22.326254;13.015333;-75
22.244444;13.013431;-75
22.162632;13.011528;-75
21.922907;13.017236;-79
21.842999;13.019138;-82
21.763088;13.021041;-82
21.68318;13.022943;-82
21.603271;13.024846;-75
21.523363;13.026749;-75
21.443455;13.028651;-75
21.274124;13.028651;-81
21.189459;13.028651;-81
21.104794;13.028651;-80
21.02013;13.028651;-80
20.935465;13.028651;-80
20.8508;13.028651;-80
20.766134;13.028651;-83
20.681469;13.028651;-83
20.949734;13.028651;-83
21.039156;13.028651;-83
21.128576;13.028651;-83
21.217999;13.028651;-79
21.307421;13.028651;-79
21.396841;13.028651;-81
21.486263;13.028651;-81
21.486263;13.028651;-76
21.71172;13.028651;-81
21.786871;13.028651;-81
21.862024;13.028651;-76
21.937176;13.028651;-76
22.012327;13.028651;-76
22.087481;13.028651;-76
22.162632;13.028651;-76
22.162632;13.028651;-76
22.309893;13.033789;-77
22.358978;13.035501;-79
22.408066;13.037213;-79
22.457151;13.038925;-77
22.506239;13.040638;-77
22.555325;13.04235;-78
22.604412;13.044063;-78
22.653498;13.045774;-82
22.702585;13.047487;-82
22.751671;13.049199;-76
22.800758;13.050912;-76
22.849844;13.052624;-79
22.898932;13.054337;-79
22.898932;13.054337;-82
22.913609;13.224957;-81
22.918501;13.281831;-81
22.923393;13.338705;-82
22.928286;13.395578;-82
22.933178;13.452452;-82
22.93807;13.509326;-82
22.942963;13.566199;-79
22.947855;13.623074;-79
22.952747;13.679947;-82
22.95764;13.73682;-82
22.962532;13.793694;-79
22.967424;13.850568;-79
22.967424;13.850568;-81
22.95575;14.025692;-76
22.951859;14.084067;-76
22.947968;14.142442;-77
22.944075;14.200817;-77
22.940184;14.259192;-78
22.936293;14.317567;-78
22.932402;14.375941;-83
22.928509;14.434317;-83
22.924618;14.492691;-83
23.104412;14.492691;-83
23.164343;14.492691;-83
23.224276;14.492691;-85
23.284206;14.492691;-85
23.344137;14.492691;-82
23.40407;14.492691;-82
23.464001;14.492691;-82
23.523932;14.492691;-82
23.583864;14.492691;-80
23.643795;14.492691;-80
23.889229;14.478421;-80
23.971039;14.473665;-80
24.052851;14.468908;-80
24.134661;14.464152;-79
24.298283;14.454639;-79
24.380095;14.449883;-83
24.380095;14.449883;-83
24.526594;14.444175;-83
24.599844;14.441321;-83
24.673094;14.438467;-82
24.746342;14.435614;-82
24.819592;14.432759;-85
24.892841;14.429906;-85
24.966091;14.427052;-81
25.039341;14.424198;-81
25.039341;14.424198;-76
25.156757;14.421752;-78
25.215466;14.420528;-78
25.274174;14.419306;-77
25.332882;14.418082;-77
25.39159;14.41686;-78
25.4503;14.415636;-78
25.509008;14.414412;-78
25.567717;14.41319;-81
25.626425;14.411966;-81
25.685133;14.410744;-82
25.743841;14.40952;-82
25.802549;14.408298;-82
25.861258;14.407074;-82
25.878382;14.603041;-88
25.886942;14.701024;-86
25.895504;14.799007;-86
25.904066;14.89699;-87
25.912628;14.994973;-87
25.921188;15.092957;-85
25.92975;15.19094;-85
25.938313;15.288923;-85
25.924995;15.439227;-86
25.918335;15.51438;-87
25.911676;15.589532;-87
25.905018;15.664683;-84
25.898359;15.739836;-84
25.891699;15.814988;-88
25.88504;15.89014;-88
25.878382;15.965292;-88
25.889084;16.151508;-86
25.894434;16.244616;-87
25.899784;16.337723;-87
25.905136;16.43083;-86
25.910486;16.523937;-86
25.915838;16.617046;-87
25.921188;16.710154;-87
25.921188;16.915632;-89
25.921188;17.018372;-88
25.921188;17.121113;-88
25.921188;17.223852;-88
25.921188;17.326591;-90
25.921188;17.429331;-90
25.921188;17.429331;-90
25.926325;17.650221;-91
25.928038;17.723852;-91
25.92975;17.797482;-91
25.931463;17.871111;-89
25.933176;17.944742;-89
25.934887;18.018372;-89
25.9366;18.092003;-89
25.938313;18.165632;-89
25.938313;18.451378;-88
25.938313;18.546625;-88
25.938313;18.641872;-88
25.938313;18.737122;-88
25.938313;18.832371;-88
25.938313;18.927618;-90
25.938313;18.927618;-90
25.954365;19.20373;-87
25.959717;19.295769;-86
25.965069;19.387806;-86
25.970419;19.479843;-86
25.975769;19.57188;-86
25.981121;19.663918;-86
25.970419;19.845852;-90
25.965069;19.936819;-90
25.959717;20.027786;-90
25.954365;20.118755;-88
25.949015;20.209723;-88
25.943665;20.30069;-87
25.938313;20.391657;-87
25.934643;20.567781;-89
25.93342;20.62649;-85
25.932198;20.685198;-87
25.930973;20.743906;-87
25.92975;20.802616;-88
25.928528;20.861324;-88
25.927303;20.920033;-88
25.926081;20.978741;-87
25.924858;21.037449;-87
25.923635;21.096157;-91
25.922411;21.154865;-91
25.921188;21.213573;-91
25.925859;21.353674;-90
25.927416;21.400373;-90
25.928972;21.447073;-90
25.930529;21.493773;-90
25.932085;21.540472;-89
25.933641;21.587172;-89
25.9352;21.633873;-90
25.936756;21.680573;-90
25.938313;21.727272;-90
25.923864;21.892618;-90
25.919048;21.947735;-90
25.914232;22.00285;-90
25.909416;22.057966;-90
25.9046;22.113081;-88
25.899784;22.168198;-88
25.89497;22.223312;-89
25.890154;22.278427;-89
25.885338;22.333544;-90
25.880522;22.388659;-90
25.875706;22.443775;-90
25.87089;22.49889;-90
25.866074;22.554007;-88
25.861258;22.609121;-88
25.865063;22.791769;-90
25.866966;22.883093;-90
25.868868;22.974417;-88
25.870771;23.065742;-88
25.872673;23.157066;-91
25.874577;23.24839;-91
25.878382;23.431038;-89
25.878382;23.431038;-89
25.873489;23.572916;-89
25.871042;23.643856;-87
25.868597;23.714794;-87
25.86615;23.785734;-92
25.863705;23.856672;-92
25.861258;23.927612;-91
25.861258;23.927612;-91
25.914602;23.91971;-87
25.932384;23.917074;-89
25.950167;23.91444;-89
25.967949;23.911806;-88
25.985731;23.909172;-88
26.003513;23.906538;-89
26.021294;23.903904;-89
26.039076;23.901268;-88
26.056858;23.898634;-88
26.07464;23.896;-87
26.092422;23.893366;-87
26.110203;23.890732;-88
26.127985;23.888098;-88
26.145767;23.885464;-88
26.163549;23.882828;-88
26.181332;23.880194;-87
26.199114;23.87756;-87
26.216894;23.874926;-87
26.234676;23.872292;-87
26.252459;23.869658;-87
26.270241;23.867022;-86
26.288023;23.864388;-86
26.305805;23.861753;-87
26.323586;23.859119;-87
26.341368;23.856485;-85
26.35915;23.853851;-85
26.376932;23.851217;-88
26.394714;23.848581;-88
26.412495;23.845947;-87
26.430277;23.843313;-87
26.448059;23.840679;-87
26.465841;23.838045;-87
26.483624;23.835411;-87
26.501406;23.832775;-87
26.519186;23.830141;-87
26.536968;23.827507;-87
26.55475;23.824873;-87
26.55475;23.824873;-87
26.55475;24.037357;-89
26.55475;24.108185;-87
26.55475;24.179012;-87
26.55475;24.249842;-87
26.55475;24.320669;-87
26.55475;24.391497;-86
26.55475;24.462324;-86
26.55475;24.533154;-90
26.55475;24.603981;-90
26.55475;24.603981;-90
26.543335;24.863684;-90
26.53953;24.950253;-90
26.535725;25.036819;-90
26.531919;25.123388;-90
26.528114;25.209955;-90
26.524309;25.296524;-90
26.520504;25.383091;-90
26.520504;25.510088;-90
26.520504;25.573587;-90
26.520504;25.637087;-90
26.520504;25.700584;-90
26.520504;25.764084;-90
26.520504;25.827583;-90
26.520504;25.891081;-90
26.520504;25.95458;-90
26.520504;26.01808;-90
26.520504;26.081577;-90
26.520504;26.145077;-90
26.520504;26.145077;-90
26.42918;26.166765;-100
26.383518;26.17761;-100
26.337856;26.188456;-100
26.292194;26.199301;-100
26.246532;26.210144;-100
26.200871;26.220989;-100
26.155207;26.231834;-100
26.109545;26.24268;-100
26.063883;26.253523;-100
26.018221;26.264368;-100
25.972559;26.275213;-100
25.926897;26.286058;-100
25.881235;26.296902;-91
25.835573;26.307747;-91
25.698587;26.303467;-90
25.630095;26.301327;-90
25.5616;26.299187;-90
25.493107;26.297045;-89
25.424614;26.294905;-89
25.356121;26.292765;-89
25.287628;26.290625;-89
25.287628;26.290625;-89
25.280493;26.37624;-90
25.276926;26.419048;-90
25.273359;26.461857;-90
25.269791;26.504665;-90
25.266224;26.547474;-90
25.262657;26.590281;-91
25.259089;26.633089;-91
25.255522;26.675898;-91
25.251955;26.718704;-91
25.248386;26.761513;-92
25.24482;26.804321;-92
25.24482;26.994818;-92
25.24482;27.090065;-92
25.24482;27.185314;-92
25.24482;27.280563;-92
25.24482;27.375811;-92
25.24482;27.471058;-92
25.24482;27.566307;-92
25.24482;27.739681;-91
25.24482;27.826366;-91
25.24482;27.913054;-91
25.24482;27.999741;-91
25.24482;28.086426;-91
25.24482;28.173113;-91
25.24482;28.2598;-91
25.24482;28.450296;-91
25.24482;28.545544;-91
25.24482;28.640793;-91
25.24482;28.736042;-91
25.24482;28.831289;-91
25.24482;28.926537;-91
25.24482;29.021786;-91
25.258139;29.191116;-100
25.264797;29.275782;-100
25.271456;29.360447;-100
25.278116;29.44511;-100
25.284775;29.529776;-100
25.291433;29.614441;-100
25.298094;29.699106;-100
25.300245;29.716179;-100
25.297993;29.682383;-100
25.29574;29.648588;-100
25.293488;29.614792;-100
25.291233;29.580996;-92
25.28898;29.547199;-92
25.286728;29.513403;-92
25.284475;29.479607;-92
25.282221;29.445812;-92
25.279968;29.412016;-92
25.277716;29.37822;-92
25.275463;29.344423;-92
25.273209;29.310627;-92
25.270956;29.276831;-92
25.268703;29.243036;-92
25.266451;29.20924;-92
25.264196;29.175444;-92
25.261944;29.141647;-92
25.267651;28.981831;-92
25.270506;28.901922;-92
25.273359;28.822014;-92
25.276213;28.742104;-92
25.279066;28.662195;-92
25.281921;28.582287;-92
25.284775;28.502378;-92
25.287628;28.42247;-92
25.287628;28.42247;-92
25.291054;28.292334;-92
25.292765;28.227264;-100
25.294477;28.162197;-100
25.29619;28.097128;-100
25.297903;28.032059;-100
25.299616;27.966991;-100
25.301327;27.901922;-100
25.30304;27.836855;-100
25.29986;27.541845;-100
25.297413;27.426874;-100
25.294968;27.311905;-100
25.292521;27.196934;-100
25.290075;27.081964;-100
25.297617;26.868534;-100
25.30261;26.819305;-100
25.307606;26.770075;-100
25.312599;26.720846;-100
25.317595;26.671618;-100
25.322588;26.622387;-100
25.327581;26.573158;-100
25.332577;26.523928;-100
25.33757;26.474699;-100
25.342566;26.425468;-100
25.461714;26.37624;-100
25.518791;26.37624;-100
25.575869;26.37624;-100
25.632948;26.37624;-100
25.747103;26.37624;-90
25.80418;26.37624;-90
25.861258;26.37624;-87
25.861258;26.37624;-87
26.187822;26.365232;-90
26.296679;26.361563;-90
26.405533;26.357893;-90
26.514389;26.354225;-91
26.623243;26.350555;-91
26.623243;26.350555;-91
26.739155;26.350555;-91
26.79711;26.350555;-91
26.855066;26.350555;-90
26.913021;26.350555;-90
26.970978;26.350555;-90
27.028933;26.350555;-90
27.086889;26.350555;-90
27.144844;26.350555;-90
27.202801;26.350555;-90
27.260756;26.350555;-90
27.318712;26.350555;-90
27.376667;26.350555;-90
27.376667;26.350555;-90
27.577253;26.345663;-90
27.677547;26.343216;-90
27.777842;26.340771;-90
27.878136;26.338324;-91
27.978428;26.335878;-91
28.078722;26.333431;-91
28.078722;26.333431;-91
28.269218;26.333431;-91
28.364466;26.333431;-91
28.459713;26.333431;-91
28.554962;26.333431;-91
28.650209;26.333431;-91
28.745459;26.333431;-91
28.840706;26.333431;-91
28.846933;26.475088;-89
28.850046;26.545916;-89
28.853159;26.616743;-89
28.856274;26.687572;-89
28.859386;26.7584;-89
28.862501;26.829229;-90
28.865614;26.900057;-90
28.868727;26.970884;-90
28.871841;27.041714;-90
28.874954;27.112541;-90
28.870926;27.204201;-91
28.86891;27.250031;-91
28.866896;27.29586;-91
28.864882;27.34169;-91
28.862867;27.38752;-91
28.860851;27.43335;-91
28.858837;27.479179;-91
28.856823;27.525011;-91
28.854809;27.570841;-91
28.852793;27.616671;-91
28.850779;27.6625;-91
28.848764;27.70833;-91
28.84675;27.75416;-91
28.844734;27.79999;-92
28.84272;27.845819;-92
28.840706;27.891649;-92
28.840706;28.10936;-92
28.840706;28.32707;-92
28.840706;28.435925;-92
28.840706;28.544781;-92
28.840706;28.653635;-92
28.840706;28.653635;-92
28.85569;28.822727;-92
28.86318;28.907272;-92
28.870672;28.991819;-92
28.878164;29.076366;-92
28.885654;29.160912;-100
28.893147;29.245457;-100
28.900639;29.330004;-100
28.900639;29.330004;-100
28.889936;29.452007;-100
28.884586;29.513008;-100
28.879234;29.574011;-100
28.873882;29.635014;-100
28.868532;29.696014;-100
28.863182;29.757015;-100
28.85783;29.818018;-100
28.85783;29.818018;-100
28.89052;29.645227;-100
28.901417;29.587631;-100
28.912313;29.530035;-100
28.92321;29.472439;-100
28.934107;29.414843;-100
28.945004;29.357246;-100
28.9559;29.299648;-91
28.966797;29.242052;-91
28.977694;29.184456;-91
28.977694;29.184456;-91
28.967705;29.05175;-91
28.962711;28.985397;-91
28.957716;28.919044;-91
28.952721;28.852692;-91
28.947727;28.786339;-94
28.942734;28.719988;-94
28.937738;28.653635;-92
28.932743;28.587282;-92
28.92775;28.520929;-92
28.922756;28.454576;-92
28.917761;28.388224;-92
28.917761;28.218893;-92
28.917761;28.13423;-92
28.917761;28.049564;-92
28.917761;27.964899;-92
28.917761;27.880234;-92
28.917761;27.79557;-92
28.917761;27.710905;-92
28.917761;27.62624;-92
28.914648;27.535954;-91
28.913092;27.49081;-91
28.911535;27.445667;-91
28.909979;27.400524;-91
28.908421;27.355379;-91
28.906864;27.310236;-91
28.905308;27.265093;-91
28.903751;27.21995;-91
28.902195;27.174807;-91
28.900639;27.129663;-91
28.908249;26.966042;-91
28.912054;26.88423;-91
28.915859;26.80242;-100
28.92347;26.638798;-100
28.927275;26.556986;-91
28.93108;26.475176;-91
28.934885;26.393364;-91
28.934885;26.393364;-90
28.799326;26.393364;-91
28.731546;26.393364;-91
28.663767;26.393364;-90
28.595987;26.393364;-90
28.528208;26.393364;-90
28.460426;26.393364;-90
28.392647;26.393364;-93
28.324867;26.393364;-93
28.257088;26.393364;-91
28.189308;26.393364;-91
28.121529;26.393364;-91
28.121529;26.393364;-91
27.864679;26.386942;-91
27.779064;26.384802;-91
27.693447;26.382662;-91
27.60783;26.38052;-91
27.522215;26.37838;-91
27.436598;26.37624;-90
27.436598;26.37624;-90
27.289623;26.379093;-90
27.216137;26.380522;-90
27.142649;26.381948;-90
27.06916;26.383375;-90
26.995674;26.384802;-90
26.922188;26.386229;-92
26.8487;26.387655;-92
26.775211;26.389084;-92
26.701725;26.390511;-92
26.628239;26.391937;-92
26.55475;26.393364;-92
26.559031;26.256378;-92
26.561171;26.187885;-92
26.563313;26.119392;-92
26.565453;26.0509;-92
26.567593;25.982407;-92
26.569733;25.913912;-92
26.571873;25.845419;-92
26.574013;25.776926;-92
26.576155;25.708433;-92
26.578295;25.63994;-92
26.580435;25.571447;-92
26.582882;25.454031;-92
26.584105;25.395323;-92
26.585327;25.336613;-92
26.58655;25.277905;-92
26.587774;25.219196;-92
26.588997;25.160488;-92
26.590219;25.10178;-92
26.591444;25.043072;-91
26.592667;24.984364;-91
26.593889;24.925653;-88
26.595112;24.866945;-88
26.596336;24.808237;-90
26.597559;24.749529;-90
26.603266;24.566881;-91
26.606121;24.475557;-91
26.608974;24.384233;-90
26.611828;24.292908;-90
26.614681;24.201584;-83
26.62039;24.018936;-83
26.623243;23.927612;-86
26.623243;23.927612;-86
26.675203;23.92466;-85
26.701183;23.923183;-86
26.727163;23.921707;-86
26.753143;23.920231;-85
26.779123;23.918755;-85
26.805103;23.917278;-85
26.831085;23.915804;-86
26.857065;23.914328;-86
26.883045;23.912851;-84
26.909025;23.911375;-84
26.935005;23.909899;-85
26.960985;23.908422;-85
26.986965;23.906946;-86
27.012945;23.90547;-86
27.038925;23.903994;-86
27.064905;23.902517;-86
27.090885;23.901041;-86
27.116865;23.899565;-86
27.142845;23.898088;-86
27.168825;23.896612;-86
27.194807;23.895138;-87
27.220787;23.893661;-87
27.246767;23.892185;-86
27.272747;23.890709;-86
27.298727;23.889233;-85
27.324707;23.887756;-85
27.350687;23.88628;-86
27.376667;23.884804;-86
27.376667;23.884804;-86
27.517078;23.88138;-90
27.587284;23.879667;-91
27.65749;23.877954;-91
27.727694;23.876242;-89
27.797899;23.874531;-89
27.868105;23.872818;-89
27.938311;23.871105;-89
28.008516;23.869394;-88
28.078722;23.867682;-88
28.324156;23.867682;-87
28.446871;23.867682;-87
28.569588;23.867682;-89
28.692305;23.867682;-89
28.815022;23.867682;-90
28.815022;23.867682;-90
28.999952;23.861259;-85
29.061596;23.859119;-86
29.12324;23.856979;-86
29.184885;23.854839;-85
29.246529;23.852699;-85
29.308172;23.850557;-88
29.369816;23.848417;-88
29.431459;23.846277;-87
29.493103;23.844137;-87
29.554747;23.841997;-87
29.61639;23.839855;-87
29.678034;23.837715;-86
29.739677;23.835575;-86
29.801323;23.833435;-89
29.862967;23.831295;-89
29.92461;23.829153;-86
29.986254;23.827013;-86
30.047897;23.824873;-86
30.047897;23.761374;-87
30.047897;23.729624;-87
30.047897;23.697876;-85
30.047897;23.666126;-85
30.047897;23.634377;-85
30.047897;23.602627;-85
30.047897;23.570877;-87
30.047897;23.539127;-87
30.047897;23.50738;-88
30.047897;23.47563;-88
30.047897;23.44388;-89
30.047897;23.41213;-89
30.047897;23.380381;-86
30.047897;23.348631;-86
30.047897;23.316883;-89
30.047897;23.285133;-89
30.047897;23.253384;-90
30.047897;23.221634;-90
30.047897;23.189884;-90
30.047897;23.158134;-90
30.047897;23.126387;-90
30.047897;23.094637;-90
30.047897;23.062887;-90
30.047897;23.062887;-91
30.05101;22.902552;-92
30.052568;22.822384;-92
30.054125;22.742216;-91
30.055681;22.662048;-91
30.057238;22.581879;-84
30.058794;22.501711;-84
30.06035;22.421543;-84
30.061909;22.341375;-84
30.063465;22.261208;-91
30.065022;22.18104;-91
30.065022;22.18104;-91
30.070372;22.099705;-91
30.073048;22.059036;-91
30.075724;22.018368;-91
30.078398;21.977701;-92
30.081074;21.937033;-92
30.08375;21.896366;-92
30.086426;21.855698;-92
30.0891;21.815029;-92
30.091776;21.774363;-92
30.094452;21.733694;-92
30.097126;21.693027;-92
30.099802;21.652359;-92
30.102478;21.611691;-92
30.105152;21.571024;-92
30.107828;21.530355;-92
30.129232;21.380527;-92
30.139935;21.305613;-92
30.150637;21.230698;-100
30.161339;21.155783;-100
30.172041;21.080868;-100
30.182743;21.005955;-100
30.193445;20.835793;-100
30.193445;20.788168;-100
30.193445;20.740543;-100
30.193445;20.692919;-100
30.193445;20.645294;-100
30.193445;20.597672;-100
30.193445;20.550047;-100
30.193445;20.502422;-100
30.193445;20.4548;-100
30.193445;20.407175;-100
30.193445;20.35955;-100
30.193445;20.311926;-100
30.193445;20.216679;-100
30.193445;20.169054;-100
30.193445;20.169054;-100
30.226469;19.897528;-100
30.237476;19.80702;-100
30.248484;19.716511;-100
30.259493;19.626003;-100
30.281202;19.377104;-100
30.286552;19.297909;-100
30.291904;19.218714;-100
30.297256;19.139519;-100
30.302607;19.060324;-100
30.307957;18.981129;-100
30.313309;18.901934;-100
30.313309;18.901934;-100
30.308638;19.107412;-100
30.307081;19.175905;-100
30.305525;19.244398;-100
30.303968;19.312893;-100
30.302412;19.381386;-100
30.300856;19.449879;-100
30.192785;20.835545;-89
30.198713;20.881647;-89
30.204639;20.927748;-90
30.210567;20.973848;-90
30.181673;21.288488;-89
30.172041;21.393368;-89
30.162409;21.498249;-89
30.152779;21.603128;-87
30.143147;21.70801;-87
30.133514;21.812889;-91
30.133514;21.812889;-91
30.101408;22.082581;-90
30.080004;22.262375;-91
30.069302;22.352272;-91
30.058599;22.442169;-91
30.047897;22.532066;-91
30.047897;22.532066;-87
30.056459;22.670765;-87
30.059313;22.716997;-86
30.062166;22.763231;-86
30.065022;22.809464;-91
30.067875;22.855696;-91
30.070728;22.90193;-91
30.073582;22.948162;-91
30.076437;22.994394;-91
30.07929;23.040628;-90
30.082144;23.086861;-90
30.084997;23.133093;-90
30.087852;23.179327;-90
30.090706;23.225559;-90
30.095598;23.409023;-89
30.098043;23.500755;-89
30.100491;23.592485;-88
30.102936;23.684217;-88
30.105383;23.775949;-88
30.107828;23.867682;-88
30.107828;23.867682;-88
30.261938;23.854839;-86
30.313307;23.850557;-86
30.364677;23.846277;-88
30.416046;23.841995;-88
30.467417;23.837715;-82
30.518787;23.833435;-82
30.570156;23.829153;-91
30.621527;23.824873;-91
30.672895;23.820591;-91
30.724266;23.816311;-87
30.775635;23.812029;-87
30.827005;23.807749;-87
30.974266;23.811174;-91
31.047895;23.812885;-91
31.121527;23.814598;-87
31.195156;23.816311;-87
31.268785;23.818024;-85
31.342417;23.819736;-85
31.416046;23.821447;-84
31.489677;23.82316;-84
31.563307;23.824873;-84
31.749523;23.835575;-85
31.84263;23.840927;-84
31.935738;23.846277;-84
32.028847;23.851627;-88
32.121956;23.856979;-88
32.215061;23.862331;-84
32.30817;23.867682;-84
32.51622;23.849701;-83
32.585567;23.843708;-83
32.654915;23.837715;-83
32.724266;23.831722;-87
32.793617;23.825729;-87
32.862965;23.819735;-82
32.932312;23.813742;-82
33.001663;23.807749;-82
33.313091;23.807749;-85
33.416901;23.807749;-85
33.520714;23.807749;-85
33.624523;23.807749;-85
33.728333;23.807749;-85
33.832142;23.807749;-84
33.832142;23.807749;-84
34.124306;23.807749;-85
34.221695;23.807749;-85
34.319084;23.807749;-85
34.416473;23.807749;-85
34.513859;23.807749;-85
34.611248;23.807749;-83
34.611248;23.807749;-83
34.858467;23.820591;-83
34.940872;23.824873;-83
35.023277;23.829155;-82
35.105682;23.833435;-82
35.188091;23.837715;-83
35.270496;23.841997;-83
35.578712;23.841997;-81
35.681454;23.841997;-80
35.784195;23.841997;-80
35.886932;23.841997;-78
35.98967;23.841997;-78
36.092411;23.841997;-79
36.092411;23.841997;-79
36.304897;23.837326;-79
36.375725;23.83577;-79
36.446552;23.834213;-79
36.51738;23.832657;-79
36.588207;23.8311;-79
36.659035;23.829544;-78
36.729866;23.827986;-78
36.800694;23.826429;-73
36.871521;23.824873;-73
37.13158;23.847347;-74
37.218269;23.854839;-74
37.304955;23.862329;-74
37.39164;23.869822;-71
37.478329;23.877312;-71
37.565014;23.884804;-71
37.740528;23.874102;-67
37.79903;23.870535;-67
37.857536;23.866968;-68
37.916039;23.8634;-68
37.974545;23.859833;-71
38.033051;23.856266;-71
38.091553;23.852699;-73
38.150059;23.849133;-73
38.208561;23.845564;-73
38.267067;23.841997;-73
38.267067;23.841997;-73
38.427105;23.841997;-75
38.48045;23.841997;-75
38.533794;23.841997;-73
38.587139;23.841997;-73
38.640488;23.841997;-74
38.747177;23.841997;-74
38.800522;23.841997;-79
38.85387;23.841997;-79
38.907215;23.841997;-80
38.96056;23.841997;-80
38.96056;23.841997;-78
39.048428;23.846052;-76
39.077721;23.847404;-76
39.10701;23.848757;-76
39.136299;23.850107;-76
39.165588;23.85146;-76
39.194878;23.852812;-76
39.224167;23.854164;-77
39.25346;23.855515;-77
39.282749;23.856867;-78
39.312038;23.858219;-78
39.341328;23.859571;-78
39.370617;23.860922;-78
39.399906;23.862274;-79
39.429199;23.863626;-79
39.458488;23.864979;-79
39.487778;23.866329;-79
39.517067;23.867682;-75
39.517067;23.867682;-75
39.793179;23.867682;-79
39.885216;23.867682;-78
39.977253;23.867682;-78
40.06929;23.867682;-73
40.161327;23.867682;-73
40.253365;23.867682;-75
40.253365;23.867682;-75
40.550167;23.867682;-79
40.649101;23.867682;-77
40.748039;23.867682;-77
40.846973;23.867682;-81
40.945908;23.867682;-81
41.044842;23.867682;-78
41.143776;23.867682;-78
41.550453;23.854839;-77
41.686012;23.850559;-79
41.821571;23.846277;-79
41.95713;23.841997;-80
41.95713;23.841997;-80
42.196857;23.841997;-77
42.276764;23.841997;-76
42.356674;23.841997;-78
42.436581;23.841997;-78
42.516491;23.841997;-81
42.596397;23.841997;-81
42.676308;23.841997;-81
43.039566;23.841997;-76
43.160652;23.841997;-76
43.281738;23.841997;-78
43.402824;23.841997;-78
43.523911;23.841997;-78
43.740807;23.841997;-77
43.849255;23.841997;-79
43.957699;23.841997;-79
44.174595;23.841997;-79
44.174595;23.841997;-79
44.182621;23.989685;-75
44.185295;24.038914;-75
44.187973;24.088144;-75
44.190647;24.137373;-75
44.193325;24.186604;-75
44.195999;24.235832;-78
44.198673;24.285061;-78
44.201351;24.334291;-84
44.204025;24.38352;-84
44.206703;24.432751;-77
44.209377;24.481979;-77
44.212051;24.531208;-78
44.214729;24.580439;-78
44.217403;24.629667;-79
44.217403;24.629667;-79
44.206703;24.80304;-79
44.201351;24.889727;-80
44.195999;24.976414;-80
44.190647;25.063099;-80
44.185295;25.149786;-81
44.179947;25.236471;-81
44.174595;25.323158;-81
44.174595;25.533529;-82
44.174595;25.638716;-82
44.174595;25.743902;-81
44.174595;25.849089;-81
44.174595;25.954273;-81
44.174595;26.05946;-81
44.180302;26.219276;-84
44.183155;26.299185;-84
44.186008;26.379093;-86
44.188866;26.459003;-86
44.191719;26.538912;-85
44.194572;26.61882;-85
44.197426;26.698729;-82
44.200279;26.778637;-82
44.19294;27.025702;-82
44.18927;27.149233;-82
44.185604;27.272766;-81
44.181934;27.396297;-81
44.178265;27.519831;-79
44.174595;27.643362;-79
44.174595;27.920759;-82
44.174595;28.013224;-83
44.174595;28.10569;-82
44.174595;28.198156;-82
44.174595;28.290621;-82
44.174595;28.383087;-77
44.174595;28.475552;-77
44.174595;28.568018;-77
44.184109;28.727835;-78
44.188866;28.807743;-78
44.193623;28.887651;-80
44.198376;28.967562;-80
44.203133;29.04747;-80
44.20789;29.127378;-80
44.212646;29.207287;-77
44.217403;29.287195;-77
44.217403;29.521214;-85
44.217403;29.638222;-85
44.217403;29.872242;-82
44.217403;29.98925;-82
44.217403;29.98925;-77
44.073566;29.992676;-84
44.025623;29.993816;-87
43.977676;29.994959;-87
43.929733;29.996099;-87
43.881786;29.997242;-84
43.833843;29.998383;-84
43.785896;29.999525;-82
43.737953;30.000666;-82
43.690006;30.001808;-75
43.642063;30.002949;-75
43.594116;30.004091;-76
43.546173;30.005232;-76
43.498226;30.006374;-76
43.328896;30.006374;-82
43.244232;30.006374;-82
43.159565;30.006374;-82
43.074902;30.006374;-79
42.990234;30.006374;-79
42.905571;30.006374;-74
42.820904;30.006374;-74
42.73624;30.006374;-74
42.547882;30.006374;-79
42.453705;30.006374;-79
42.359528;30.006374;-75
42.26535;30.006374;-75
42.171173;30.006374;-75
42.076992;30.006374;-78
41.982815;30.006374;-78
41.760212;30.018604;-82
41.648911;30.024719;-80
41.537613;30.030836;-80
41.426311;30.036951;-88
41.31501;30.043066;-88
41.203709;30.049181;-85
41.203709;30.049181;-85
41.203709;29.857712;-81
41.203709;29.793888;-81
41.203709;29.730066;-81
41.203709;29.666243;-79
41.203709;29.602421;-79
41.203709;29.538597;-82
41.203709;29.474773;-82
41.203709;29.410952;-76
41.203709;29.347128;-76
41.196003;29.121101;-79
41.193436;29.045759;-77
41.190868;28.970415;-77
41.188297;28.895073;-76
41.18573;28.819731;-76
41.183163;28.744389;-71
41.180592;28.669046;-71
41.178024;28.593704;-71
41.190254;28.388226;-72
41.196369;28.285486;-73
41.202488;28.182745;-73
41.208603;28.080006;-73
41.214718;27.977266;-73
41.220833;27.874527;-73
41.220833;27.569733;-74
41.220833;27.417336;-75
41.220833;27.264938;-75
41.220833;27.112541;-71
41.220833;27.112541;-71
41.220833;26.820375;-80
41.220833;26.722986;-79
41.220833;26.625597;-79
41.220833;26.52821;-75
41.220833;26.43082;-75
41.220833;26.333431;-75
41.220833;26.073729;-76
41.220833;25.943878;-76
41.220833;25.814026;-78
41.220833;25.684174;-78
41.220833;25.554323;-78
41.220833;25.554323;-78
41.21056;25.045763;-77
41.207134;24.876242;-73
41.203709;24.706722;-73
41.203709;24.706722;-72
41.233673;24.295763;-73
41.24366;24.158777;-73
41.253651;24.02179;-73
41.263638;23.884804;-73
41.263638;23.884804;-74
40.999084;23.897646;-77
40.9109;23.901928;-75
40.822716;23.906208;-75
40.734528;23.910488;-76
40.646343;23.91477;-76
40.558159;23.91905;-81
40.469975;23.923332;-81
40.38179;23.927612;-72
40.38179;23.927612;-72
40.197327;23.927612;-73
40.135838;23.927612;-77
40.074348;23.927612;-77
40.012863;23.927612;-76
39.951374;23.927612;-76
39.889885;23.927612;-73
39.828396;23.927612;-73
39.766911;23.927612;-76
39.705421;23.927612;-76
39.558922;23.910488;-77
39.485672;23.901928;-77
39.412422;23.893366;-77
39.339176;23.884804;-77
39.265926;23.876242;-74
39.192677;23.867682;-74
39.119427;23.859119;-76
39.046177;23.850557;-76
39.044537;23.828039;-73
39.043713;23.81678;-75
39.042892;23.805521;-75
39.042072;23.794262;-75
39.041252;23.783003;-75
39.040428;23.771744;-73
39.039608;23.760485;-73
39.037968;23.737967;-71
39.037148;23.726707;-71
39.036324;23.715448;-70
39.035503;23.704189;-70
39.034683;23.69293;-70
39.033863;23.681671;-70
39.033039;23.670412;-70
39.032219;23.659153;-71
39.031399;23.647894;-71
39.030579;23.636633;-70
39.029758;23.625374;-70
39.028934;23.614115;-70
39.028114;23.602856;-70
39.027294;23.591597;-72
39.026474;23.580338;-72
39.025654;23.569078;-71
39.02483;23.557819;-71
39.02401;23.54656;-71
39.02319;23.535301;-71
39.022369;23.524042;-72
39.021545;23.512783;-72
39.020725;23.501524;-69
39.019905;23.490265;-69
39.019085;23.479006;-74
39.018265;23.467747;-74
39.017441;23.456488;-74
39.016621;23.445229;-71
39.0158;23.433969;-71
39.01498;23.42271;-71
39.014156;23.411451;-71
39.013336;23.400192;-70
39.012516;23.388933;-70
39.011696;23.377674;-71
39.010876;23.366415;-71
39.010052;23.355156;-68
39.009232;23.343897;-68
39.008411;23.332638;-71
39.007591;23.321379;-71
39.006767;23.31012;-69
39.005947;23.298861;-69
39.005127;23.287601;-71
39.004307;23.276342;-71
39.003487;23.265083;-69
39.002663;23.253824;-69
39.001842;23.242565;-71
39.001022;23.231304;-71
39.000202;23.220045;-71
38.999382;23.208786;-71
38.998558;23.197527;-71
38.997738;23.186268;-70
38.996918;23.175009;-70
38.996098;23.16375;-73
38.995274;23.152491;-73
38.994453;23.141232;-68
38.993633;23.129972;-68
38.992813;23.118713;-69
38.991993;23.107454;-69
38.991169;23.096195;-68
38.990349;23.084936;-68
38.989529;23.073677;-68
38.988708;23.062418;-68
38.987885;23.051159;-68
38.987064;23.0399;-68
38.986244;23.028641;-68
38.988529;22.915627;-68
38.98967;22.859121;-66
38.99081;22.802614;-66
38.991951;22.746107;-71
38.993095;22.6896;-71
38.994236;22.633093;-66
38.996517;22.520081;-66
38.997662;22.463573;-70
38.998802;22.407066;-70
38.999943;22.350559;-71
39.001083;22.294054;-71
39.002228;22.237547;-70
39.003368;22.18104;-70
39.003368;22.18104;-70
38.998428;22.140537;-71
38.996784;22.127035;-71
38.995136;22.113535;-70
38.993488;22.100033;-70
38.991844;22.086533;-67
38.990196;22.07303;-67
38.988548;22.05953;-68
38.986904;22.046028;-68
38.985256;22.032528;-66
38.983612;22.019026;-66
38.981964;22.005526;-67
38.980316;21.992025;-67
38.978672;21.978523;-69
38.977024;21.965023;-69
38.97538;21.951521;-71
38.973732;21.938021;-71
38.972084;21.924519;-71
38.97044;21.911018;-69
38.968792;21.897516;-69
38.967144;21.884016;-69
38.9655;21.870514;-69
38.963852;21.857014;-67
38.962208;21.843512;-67
38.96056;21.830011;-69
38.96056;21.830011;-69
38.95414;21.728556;-66
38.952;21.694738;-68
38.94986;21.660919;-68
38.947716;21.6271;-68
38.945576;21.593283;-66
38.943436;21.559464;-66
38.941296;21.525646;-66
38.939156;21.491827;-67
38.937016;21.458008;-67
38.934875;21.424191;-70
38.932735;21.390371;-70
38.930595;21.356554;-72
38.928455;21.322735;-72
38.926311;21.288916;-62
38.924171;21.255098;-62
38.922031;21.221279;-60
38.919891;21.187462;-60
38.917751;21.153643;-60
38.924171;20.973848;-61
38.926311;20.913918;-61
38.928452;20.853985;-60
38.930592;20.794054;-60
38.932735;20.734123;-61
38.934875;20.674191;-61
38.937016;20.61426;-65
38.939156;20.554329;-65
38.941296;20.494396;-66
38.943436;20.434465;-66
38.94833;20.224094;-64
38.950775;20.118908;-64
38.95322;20.013721;-65
38.955666;19.908535;-65
38.96056;19.698164;-66
38.96056;19.698164;-66
38.946289;19.458439;-61
38.941532;19.378531;-61
38.936779;19.29862;-61
38.932022;19.218712;-61
38.927265;19.138803;-61
38.922508;19.058895;-65
38.917751;18.978987;-65
38.917751;18.978987;-66
38.917751;18.739262;-66
38.917751;18.619398;-66
38.917751;18.499537;-68
38.917751;18.379673;-68
38.917751;18.259811;-72
38.917751;18.139948;-72
38.917751;18.139948;-63
38.933804;17.876677;-68
38.939156;17.788921;-68
38.944508;17.701164;-68
38.94986;17.613407;-68
38.955208;17.52565;-60
38.96056;17.437893;-60
38.96484;17.310896;-63
38.96698;17.247396;-63
38.96912;17.183897;-68
38.97126;17.120399;-68
38.9734;17.0569;-66
38.975544;16.993401;-66
38.977684;16.929903;-61
38.979824;16.866404;-61
38.981964;16.802904;-61
38.984104;16.739407;-61
38.986244;16.675907;-61
38.991138;16.489998;-61
38.993584;16.397043;-61
38.996029;16.304087;-61
38.998474;16.211132;-61
39.000923;16.118177;-61
39.003368;16.025223;-61
39.008163;15.95125;-65
39.010559;15.914264;-65
39.012959;15.877277;-64
39.015354;15.840292;-64
39.01775;15.803306;-65
39.020149;15.766319;-65
39.022545;15.729333;-63
39.024944;15.692347;-63
39.02734;15.65536;-63
39.029736;15.618374;-65
39.032135;15.581388;-65
39.034531;15.544402;-58
39.03693;15.507416;-58
39.039326;15.470429;-64
39.041721;15.433443;-64
39.044121;15.396457;-61
39.046516;15.35947;-61
39.048916;15.322484;-60
39.051311;15.285498;-60
39.053707;15.248512;-61
39.056107;15.211526;-61
39.058502;15.17454;-60
39.060902;15.137553;-60
39.063297;15.100567;-60
39.048317;14.931475;-59
39.04332;14.875111;-59
39.038326;14.818747;-59
39.033333;14.762383;-63
39.028339;14.706018;-63
39.023346;14.649654;-53
39.018353;14.59329;-53
39.013355;14.536926;-53
39.008362;14.480562;-53
39.003368;14.424198;-53
39.015598;14.300666;-58
39.021713;14.238899;-58
39.027832;14.177134;-58
39.033947;14.115368;-57
39.040062;14.053601;-57
39.046177;13.991835;-58
39.052292;13.930069;-58
39.058407;13.868303;-54
39.064522;13.806537;-54
39.070641;13.74477;-55
39.076756;13.683004;-55
39.08287;13.621239;-55
39.088985;13.559472;-55
39.206707;13.553051;-58
39.245949;13.550911;-55
39.285191;13.54877;-55
39.324432;13.54663;-60
39.36367;13.54449;-60
39.402912;13.542349;-64
39.442154;13.540209;-64
39.481392;13.538069;-62
39.520634;13.535928;-62
39.559875;13.533788;-64
39.559875;13.533788;-64
39.879509;13.52808;-67
39.986053;13.526177;-67
40.092598;13.524275;-67
40.199142;13.522372;-59
40.305687;13.52047;-59
40.412231;13.518567;-57
40.518776;13.516665;-57
40.518776;13.516665;-61
40.752796;13.502395;-58
40.830803;13.497639;-58
40.908806;13.492882;-59
40.986813;13.488126;-59
41.064819;13.483369;-60
41.142826;13.478613;-60
41.220833;13.473856;-56
41.220833;13.473856;-56
41.446289;13.473856;-61
41.521442;13.473856;-61
41.596592;13.473856;-56
41.671745;13.473856;-56
41.746899;13.473856;-52
41.822048;13.473856;-52
41.897202;13.473856;-52
41.904755;13.380181;-64
41.907272;13.348957;-63
41.912312;13.286508;-67
41.914829;13.255282;-67
41.917347;13.224058;-63
41.919865;13.192833;-63
41.922382;13.161609;-60
41.9249;13.130383;-60
41.927418;13.099159;-66
41.929939;13.067934;-66
41.932457;13.03671;-66
41.934975;13.005485;-53
41.937492;12.97426;-53
41.94001;12.943035;-64
41.94001;12.943035;-64
41.934872;12.747829;-61
41.933159;12.682761;-61
41.93145;12.617693;-60
41.929737;12.552625;-60
41.928024;12.487556;-52
41.926311;12.422487;-52
41.924599;12.357419;-52
41.922886;12.292351;-54
41.922886;12.292351;-54
42.052822;12.302927;-54
42.096134;12.306452;-54
42.139446;12.309978;-54
42.182758;12.313503;-54
42.22607;12.317028;-62
42.269382;12.320554;-62
42.312691;12.324079;-61
42.356003;12.327604;-61
42.399315;12.331129;-61
42.442627;12.334655;-60
42.485939;12.338181;-60
42.529251;12.341705;-57
42.572563;12.345231;-57
42.615875;12.348756;-59
42.659187;12.352282;-59
42.876896;12.330266;-61
42.985752;12.319259;-62
43.094608;12.30825;-62
43.203465;12.297243;-53
43.312317;12.286235;-53
43.421173;12.275228;-54
43.421173;12.275228;-54
43.646629;12.266665;-57
43.721783;12.263812;-58
43.796932;12.260958;-58
43.872086;12.258104;-57
43.947239;12.25525;-57
44.022388;12.252397;-53
44.097542;12.249542;-53
44.030273;12.264219;-53
44.007847;12.269112;-53
43.985424;12.274004;-53
43.963001;12.278896;-52
43.940578;12.283789;-52
43.918156;12.288681;-53
43.895733;12.293573;-53
43.87331;12.298466;-53
43.850883;12.303358;-53
43.828461;12.30825;-54
43.806038;12.313143;-54
43.761192;12.322927;-51
43.73877;12.32782;-51
43.716347;12.332712;-58
43.69392;12.337605;-58
43.671497;12.342497;-59
43.649075;12.347389;-59
43.626652;12.352282;-60
43.626652;12.352282;-60
43.455418;12.352282;-61
43.398342;12.352282;-61
43.341263;12.352282;-61
43.284187;12.352282;-59
43.227108;12.352282;-59
43.170029;12.352282;-51
43.112953;12.352282;-51
43.055874;12.352282;-54
42.998798;12.352282;-54
42.941719;12.352282;-59
42.941719;12.352282;-59
42.708221;12.363956;-57
42.630386;12.367848;-56
42.552555;12.37174;-56
42.47472;12.375631;-60
42.396889;12.379523;-60
42.319054;12.383415;-57
42.241222;12.387307;-57
42.163387;12.391198;-53
42.085556;12.39509;-53
42.085556;12.39509;-52
42.071724;12.537345;-54
42.067116;12.584764;-54
42.062504;12.632181;-54
42.057896;12.6796;-54
42.053284;12.727018;-55
42.048676;12.774437;-55
42.044064;12.821855;-56
42.039455;12.869273;-56
42.034843;12.916692;-58
42.030235;12.964109;-58
42.025623;13.011528;-58
42.013947;13.139953;-59
42.010056;13.182761;-59
42.006165;13.225569;-61
42.002274;13.268377;-61
41.998383;13.311185;-57
41.994492;13.353993;-57
41.990597;13.396802;-64
41.986706;13.43961;-64
41.982815;13.482418;-64
41.826729;13.502175;-60
41.7747;13.508761;-60
41.722672;13.515347;-64
41.670643;13.521934;-64
41.618618;13.528519;-57
41.566589;13.535105;-57
41.514561;13.541691;-57
41.462532;13.548277;-57
41.410503;13.554862;-55
41.358475;13.561448;-55
41.306446;13.568034;-55
41.121513;13.573172;-54
41.059872;13.574883;-54
40.99823;13.576595;-54
40.936584;13.578308;-59
40.874939;13.580021;-59
40.813297;13.581733;-60
40.751656;13.583445;-60
40.69001;13.585157;-63
40.69001;13.585157;-63
40.464348;13.598;-59
40.38913;13.602281;-59
40.313911;13.606562;-59
40.238689;13.610843;-59
40.163467;13.615123;-59
40.088249;13.619404;-64
40.013031;13.623685;-64
39.937809;13.627966;-63
39.862587;13.632247;-63
39.787369;13.636527;-62
39.712151;13.640808;-62
39.636929;13.645089;-62
39.58556;13.645089;-66
39.559875;13.645089;-66
39.534187;13.645089;-66
39.508503;13.645089;-67
39.482819;13.645089;-67
39.457134;13.645089;-62
39.43145;13.645089;-62
39.405766;13.645089;-62
39.380081;13.645089;-62
39.354397;13.645089;-59
39.328712;13.645089;-59
39.303024;13.645089;-61
39.27734;13.645089;-61
39.251656;13.645089;-57
39.225971;13.645089;-57
39.202;13.562898;-56
39.194008;13.535501;-57
39.186016;13.508103;-57
39.178024;13.480706;-61
39.170033;13.453309;-61
39.162045;13.425911;-62
39.154053;13.398514;-62
39.146061;13.371117;-56
39.138069;13.343719;-56
39.130077;13.316322;-58
39.122089;13.288925;-58
39.114098;13.261528;-58
39.106106;13.234131;-58
39.129814;13.091876;-58
39.137718;13.044457;-58
39.145622;12.99704;-58
39.153526;12.949621;-60
39.161427;12.902203;-60
39.169331;12.854784;-60
39.177235;12.807366;-60
39.185139;12.759948;-57
39.193039;12.712529;-57
39.200943;12.665112;-57
39.208847;12.617693;-57
39.204178;12.321149;-56
39.202621;12.222301;-58
39.199505;12.024605;-58
39.197948;11.925757;-56
39.196392;11.826909;-56
39.194836;11.728061;-54
39.193279;11.629213;-54
39.191723;11.530365;-51
39.191723;11.530365;-51
39.185303;11.499865;-50
39.183163;11.489697;-50
39.181023;11.47953;-50
39.178879;11.469363;-50
39.176739;11.459196;-50
39.174599;11.44903;-53
39.172459;11.438863;-53
39.170319;11.428696;-54
39.168179;11.418529;-54
39.166039;11.408361;-59
39.163898;11.398194;-59
39.161758;11.388028;-59
39.159618;11.377861;-59
39.157478;11.367694;-59
39.155334;11.357527;-63
39.153194;11.34736;-63
39.151054;11.337193;-65
39.148914;11.327026;-65
39.146774;11.316859;-58
39.144634;11.306692;-58
39.142494;11.296525;-58
39.140354;11.286358;-58
39.138214;11.276192;-58
39.136074;11.266025;-58
39.13393;11.255857;-62
39.13179;11.24569;-62
39.12965;11.235523;-63
39.12751;11.225357;-63
39.12537;11.21519;-58
39.12323;11.205023;-58
38.383213;11.214231;-61
38.136543;11.217299;-59
37.88987;11.220369;-59
37.643196;11.223438;-60
37.396526;11.226508;-60
37.149853;11.229577;-64
36.903183;11.232646;-64
36.656509;11.235716;-64
36.40984;11.238785;-64
36.163166;11.241854;-67
35.916492;11.244924;-67
35.669823;11.247993;-69
35.423149;11.251061;-69
35.176479;11.254131;-71
34.929806;11.2572;-71
34.683132;11.260269;-71
34.436462;11.263339;-70
34.189789;11.266408;-70
33.943119;11.269478;-72
33.696445;11.272547;-72
30.983053;11.306309;-75
30.48971;11.312448;-76
29.996367;11.318585;-74
29.749693;11.321655;-74
29.503021;11.324724;-73
29.25635;11.327793;-73
29.009678;11.330863;-72
28.763006;11.333932;-72
28.516335;11.337001;-67
28.269661;11.340071;-67
27.036303;11.355417;-73
26.789629;11.358486;-73
26.542957;11.361555;-73
26.296286;11.364625;-72
26.049614;11.367694;-72
26.050375;11.925152;-75
26.050755;12.20388;-75
26.051136;12.482609;-73
26.051516;12.761338;-73
26.051897;13.040067;-70
26.052277;13.318795;-70
26.052658;13.597525;-70
26.053038;13.876253;-70
26.053419;14.154982;-78
26.053799;14.433711;-78
26.05418;14.71244;-82
26.05456;14.991168;-82
26.054941;15.269897;-88
26.055321;15.548626;-88
26.055702;15.827354;-92
26.056082;16.106083;-92
26.056463;16.384813;-90
26.056843;16.663542;-90
26.057224;16.94227;-90
26.057604;17.220999;-90
26.057985;17.499727;-90
26.058365;17.778456;-90
26.058746;18.057186;-90
26.059126;18.335915;-84
26.059507;18.614643;-84
26.059887;18.893372;-86
26.060268;19.1721;-86
26.060648;19.450829;-87
26.061029;19.729559;-87
26.064074;21.959389;-89
26.065214;22.795576;-89
26.065596;23.074305;-89
26.065975;23.353033;-88
26.066357;23.631762;-88
26.066736;23.91049;-88
25.948191;23.900612;-81
25.908676;23.897318;-90
25.86916;23.894026;-87
25.829645;23.890732;-87
25.790131;23.88744;-89
25.750614;23.884146;-89
25.671585;23.87756;-89
25.632069;23.874268;-89
25.592554;23.870974;-88
25.55304;23.867682;-88
25.513523;23.864389;-89
25.474009;23.861095;-89
25.434492;23.857803;-89
25.394978;23.854509;-86
25.355463;23.851217;-86
25.315947;23.847923;-87
25.276432;23.844631;-87
25.236917;23.841337;-87
25.197401;23.838045;-87
25.157887;23.834751;-87
25.118372;23.831459;-87
25.078856;23.828165;-87
25.039341;23.824873;-87
25.039341;23.824873;-91
24.932135;23.83604;-91
24.896399;23.839764;-91
24.860664;23.843485;-91
24.824928;23.847208;-91
24.789192;23.850931;-92
24.753456;23.854652;-92
24.717722;23.858376;-89
24.681986;23.862099;-89
24.64625;23.86582;-91
24.610516;23.869543;-91
24.57478;23.873264;-89
24.539043;23.876987;-89
24.503309;23.880711;-89
24.467573;23.884432;-89
24.431837;23.888155;-91
24.396101;23.891878;-91
24.360367;23.895599;-92
24.324631;23.899323;-92
24.288895;23.903046;-92
24.25316;23.906767;-92
24.217424;23.91049;-92
24.111259;23.901928;-92
24.058178;23.897648;-92
24.005095;23.893366;-92
23.952013;23.889086;-92
23.898932;23.884806;-92
23.845848;23.880524;-92
23.792767;23.876244;-92
23.739683;23.871962;-92
23.686602;23.867682;-92
23.566738;23.874817;-91
23.506807;23.878384;-91
23.446877;23.88195;-90
23.386944;23.885519;-90
23.327013;23.889086;-90
23.267082;23.892653;-90
23.20715;23.896221;-90
23.147219;23.899788;-90
23.087288;23.903355;-91
23.027355;23.906923;-91
22.967424;23.91049;-91
22.803802;23.91049;-92
22.721991;23.91049;-92
22.640181;23.91049;-92
22.558369;23.91049;-91
22.476559;23.91049;-91
22.394747;23.91049;-91
22.312937;23.91049;-91
22.231125;23.91049;-91
22.081686;23.902706;-91
22.006966;23.898815;-91
21.932245;23.894924;-91
21.857527;23.891031;-91
21.782806;23.88714;-91
21.708088;23.883247;-91
21.633368;23.879356;-91
21.558647;23.875465;-91
21.483929;23.871572;-91
21.409208;23.867682;-91
21.20801;23.871962;-91
21.10741;23.874102;-89
21.006811;23.876244;-89
20.906212;23.878384;-89
20.805613;23.880524;-89
20.705013;23.882664;-89
20.604414;23.884804;-89
20.604414;23.884804;-89
20.416058;23.930466;-89
20.353273;23.945686;-89
20.290487;23.960907;-89
20.227701;23.976128;-89
20.164917;23.991348;-89
20.102131;24.006569;-89
20.039347;24.021791;-100
19.976561;24.037012;-100
19.913774;24.052233;-100
19.85099;24.067453;-100
19.788204;24.082674;-100
19.725418;24.097895;-100
19.662634;24.113115;-100
19.599848;24.128336;-100
19.537064;24.143557;-100
19.313942;24.228827;-100
19.233774;24.263851;-100
19.153606;24.298876;-100
19.073439;24.3339;-100
18.993269;24.368927;-92
18.913101;24.403952;-92
18.832933;24.438976;-90
18.752766;24.474001;-90
18.672598;24.509026;-89
18.59243;24.54405;-89
18.522511;24.569735;-90
18.487551;24.582577;-90
18.452591;24.595421;-90
18.417629;24.608263;-90
18.382669;24.621105;-90
18.34771;24.633947;-90
18.31275;24.64679;-90
18.27779;24.659632;-90
18.24283;24.672474;-90
18.20787;24.685316;-90
18.172909;24.698158;-90
18.137949;24.711002;-90
18.102989;24.723845;-90
18.068029;24.736687;-90
18.03307;24.749529;-90
17.99811;24.762371;-90
17.96315;24.775213;-90
17.92819;24.788055;-90
17.89323;24.8009;-90
17.858269;24.813742;-90
17.823309;24.826584;-90
17.753389;24.852268;-90
17.753389;24.852268;-90
17.630672;24.907919;-90
17.569313;24.935745;-90
17.507956;24.96357;-90
17.446598;24.991394;-90
17.385239;25.01922;-90
17.323879;25.047047;-90
17.262522;25.074871;-100
17.201164;25.102695;-100
17.139805;25.130522;-100
17.078445;25.158348;-100
17.017088;25.186172;-100
17.017088;25.186172;-100
16.955212;25.19668;-93
16.934586;25.200182;-93
16.91396;25.203686;-93
16.893333;25.207188;-93
16.872707;25.21069;-93
16.852081;25.214193;-93
16.831457;25.217695;-93
16.810831;25.221197;-93
16.790205;25.224701;-93
16.769579;25.228203;-93
16.748953;25.231705;-93
16.728329;25.235207;-93
16.707703;25.23871;-93
16.687077;25.242212;-93
16.666451;25.245714;-93
16.645824;25.249218;-93
16.625198;25.25272;-93
16.604574;25.256222;-100
16.583948;25.259726;-100
16.563322;25.263227;-90
16.563322;25.263227;-90
16.395203;25.358961;-90
16.339163;25.390873;-90
16.283123;25.422785;-90
16.227083;25.454697;-91
16.171043;25.486609;-91
16.115004;25.51852;-91
16.058964;25.55043;-91
16.002924;25.582342;-91
15.946884;25.614254;-91
15.946884;25.614254;-91
15.804629;25.661673;-92
15.757212;25.677479;-92
15.709793;25.693285;-92
15.662374;25.709091;-92
15.614957;25.724897;-92
15.567538;25.740704;-92
15.52012;25.75651;-92
15.472702;25.772316;-92
15.425283;25.788122;-92
15.377866;25.803928;-92
15.330447;25.819735;-92
15.330447;25.819735;-92
15.19132;25.907492;-92
15.144945;25.936743;-100
15.098569;25.965996;-100
15.052194;25.995247;-100
15.005818;26.0245;-100
14.959442;26.053753;-90
14.866692;26.112257;-90
14.820315;26.141508;-90
14.77394;26.170761;-90
14.77394;26.170761;-91
14.669689;26.184359;-91
14.634939;26.188892;-91
14.600189;26.193424;-91
14.565439;26.197956;-91
14.530689;26.20249;-91
14.495939;26.207022;-91
14.461188;26.211555;-91
14.426438;26.216087;-91
14.391688;26.220621;-91
14.356938;26.225153;-91
14.322188;26.229685;-91
14.287438;26.234219;-91
14.252687;26.23875;-100
14.217937;26.243284;-100
14.183187;26.247816;-100
14.183187;26.247816;-100
14.063828;26.281055;-100
14.024042;26.292135;-100
13.984256;26.303215;-100
13.944469;26.314295;-100
13.904683;26.325375;-100
13.864897;26.336454;-100
13.825109;26.347534;-100
13.785323;26.358614;-100
13.745537;26.369694;-100
13.70575;26.380774;-100
13.665964;26.391853;-100
13.626178;26.402933;-100
13.586391;26.414013;-100
13.546605;26.425093;-100
13.456134;26.453981;-100
13.430792;26.462885;-100
13.405449;26.471788;-100
13.380107;26.480692;-100
13.354764;26.489597;-100
13.329422;26.498501;-100
13.304079;26.507404;-100
13.278737;26.51631;-100
13.253394;26.525213;-100
13.228052;26.534117;-100
13.202709;26.54302;-100
13.177367;26.551926;-100
13.152024;26.560829;-100
13.126682;26.569733;-100
13.101339;26.578636;-100
13.075997;26.587542;-100
13.050654;26.596445;-100
13.025312;26.605349;-100
12.999969;26.614254;-100
12.974627;26.623158;-100
12.949285;26.632061;-100
12.923943;26.640965;-100
